
> financial-wallet-frontend@0.1.0 dev
> next dev

▲ Next.js 16.1.6 (Turbopack)
- Local:         http://localhost:3000
- Network:       http://192.168.56.1:3000
- Environments: .env.local

✓ Starting...
Creating turbopack project { dir: 'D:\\HK6 UIT\\DA1\\financial-wallet-frontend', testMode: true }
✓ Ready in 1191ms
 GET / 200 in 1939ms (compile: 1718ms, proxy.ts: 83ms, render: 139ms)
 GET /dashboard 200 in 1462ms (compile: 1433ms, proxy.ts: 5ms, render: 23ms)
 GET / 200 in 153ms (compile: 9ms, proxy.ts: 9ms, render: 135ms)
 GET /dashboard 200 in 66ms (compile: 11ms, proxy.ts: 8ms, render: 47ms)
 GET /wallet 200 in 1214ms (compile: 950ms, proxy.ts: 10ms, render: 254ms)
 GET /wallet/deposit 200 in 497ms (compile: 413ms, proxy.ts: 6ms, render: 78ms)
 GET /admin/audit-logs 200 in 530ms (compile: 469ms, proxy.ts: 6ms, render: 55ms)
 GET /login 200 in 812ms (compile: 669ms, proxy.ts: 9ms, render: 134ms)
 GET /login?callbackUrl=%2F.well-known%2Fappspecific%2Fcom.chrome.devtools.json 200 in 164ms (compile: 12ms, proxy.ts: 7ms, render: 145ms)
 GET /dashboard 200 in 67ms (compile: 8ms, proxy.ts: 8ms, render: 52ms)
 GET /admin/audit-logs 200 in 82ms (compile: 17ms, proxy.ts: 13ms, render: 52ms)
 GET /admin/settings 200 in 508ms (compile: 465ms, proxy.ts: 8ms, render: 35ms)
 GET /admin/roles 200 in 468ms (compile: 430ms, proxy.ts: 7ms, render: 30ms)
 GET /admin/departments 200 in 518ms (compile: 473ms, proxy.ts: 8ms, render: 37ms)
 GET /admin/departments/6 200 in 1039ms (compile: 983ms, proxy.ts: 6ms, render: 50ms)
 GET /admin/departments?search=tr%C3%A2 200 in 35ms (compile: 6ms, proxy.ts: 5ms, render: 24ms)
 GET /admin/departments?search=tr%C3%A2tr%C3%A2bnf 200 in 70ms (compile: 7ms, proxy.ts: 7ms, render: 56ms)
 GET /admin/departments?search=tr%C3%A2tr%C3%A2bn 200 in 71ms (compile: 26ms, proxy.ts: 3ms, render: 42ms)
 GET /admin/departments?search=tr%E1%BA%A7n 200 in 67ms (compile: 8ms, proxy.ts: 8ms, render: 51ms)
 GET /admin/departments?search=tr%E1%BA%A7n+th 200 in 39ms (compile: 7ms, proxy.ts: 6ms, render: 25ms)
 GET /admin/departments?search=tr%E1%BA%A7n+th%E1%BB%8B+b%C3%ADch 200 in 95ms (compile: 52ms, proxy.ts: 3ms, render: 39ms)
 GET /admin/departments?search=tr%E1%BA%A7n+th%E1%BB%8B+b%C3%ADc 200 in 196ms (compile: 9ms, proxy.ts: 5ms, render: 182ms)
 GET /admin/departments 200 in 39ms (compile: 4ms, proxy.ts: 6ms, render: 28ms)
 GET /admin/departments 200 in 99ms (compile: 8ms, proxy.ts: 9ms, render: 82ms)
 GET /admin/departments?search=Tr%E1%BA%A7n+Th%E1%BB%8B+B%C3%ADch 200 in 64ms (compile: 12ms, proxy.ts: 9ms, render: 43ms)
 GET /admin/departments?search=Tr%E1%BA%A7n+Th%E1%BB%8B+B%C3%ADc 200 in 63ms (compile: 8ms, proxy.ts: 7ms, render: 47ms)
 GET /admin/departments 200 in 32ms (compile: 5ms, proxy.ts: 4ms, render: 24ms)
 GET /admin/departments?search=API+Test+Dept+2+Updated 200 in 69ms (compile: 9ms, proxy.ts: 6ms, render: 54ms)
 GET /admin/departments?search=API+Test+Dept+2+Update 200 in 61ms (compile: 8ms, proxy.ts: 11ms, render: 42ms)
 GET /admin/departments 200 in 27ms (compile: 4ms, proxy.ts: 3ms, render: 21ms)
 GET /wallet 200 in 40ms (compile: 5ms, proxy.ts: 4ms, render: 31ms)
 GET /profile 200 in 628ms (compile: 592ms, proxy.ts: 6ms, render: 30ms)
 GET /notifications 200 in 598ms (compile: 538ms, proxy.ts: 5ms, render: 55ms)
 GET /admin/users 200 in 454ms (compile: 423ms, proxy.ts: 5ms, render: 26ms)
 GET /admin/departments 200 in 50ms (compile: 9ms, proxy.ts: 9ms, render: 31ms)
 GET /admin/departments 200 in 72ms (compile: 6ms, proxy.ts: 5ms, render: 60ms)
 GET /admin/users 200 in 29ms (compile: 4ms, proxy.ts: 3ms, render: 22ms)
 GET /admin/departments 200 in 46ms (compile: 9ms, proxy.ts: 5ms, render: 32ms)
 GET /admin/departments?page=2 200 in 46ms (compile: 7ms, proxy.ts: 5ms, render: 34ms)
 GET /admin/departments 200 in 33ms (compile: 5ms, proxy.ts: 4ms, render: 24ms)
 GET /admin/roles 200 in 39ms (compile: 6ms, proxy.ts: 4ms, render: 30ms)
 GET /admin/settings 200 in 37ms (compile: 5ms, proxy.ts: 6ms, render: 26ms)
 GET /admin/audit-logs 200 in 52ms (compile: 7ms, proxy.ts: 5ms, render: 41ms)
 GET /admin/settings 200 in 56ms (compile: 6ms, proxy.ts: 7ms, render: 43ms)
 GET /admin/audit-logs 200 in 123ms (compile: 55ms, proxy.ts: 33ms, render: 35ms)
 GET /dashboard 200 in 248ms (compile: 8ms, proxy.ts: 6ms, render: 233ms)
 GET /login 200 in 85ms (compile: 6ms, proxy.ts: 3ms, render: 76ms)
 GET /login 200 in 95ms (compile: 6ms, proxy.ts: 4ms, render: 86ms)
 GET /dashboard 200 in 56ms (compile: 8ms, proxy.ts: 6ms, render: 42ms)
 GET /admin/audit-logs 200 in 63ms (compile: 7ms, proxy.ts: 5ms, render: 51ms)
 GET /login 200 in 47ms (compile: 3ms, proxy.ts: 4ms, render: 40ms)
 GET /login 200 in 573ms (compile: 145ms, proxy.ts: 201ms, render: 227ms)
 GET /login 200 in 191ms (compile: 8ms, proxy.ts: 5ms, render: 178ms)
 GET /login 200 in 162ms (compile: 7ms, proxy.ts: 5ms, render: 150ms)
 GET /login 200 in 181ms (compile: 8ms, proxy.ts: 4ms, render: 168ms)
 GET /login 200 in 193ms (compile: 10ms, proxy.ts: 6ms, render: 177ms)
 GET /login 200 in 198ms (compile: 9ms, proxy.ts: 5ms, render: 183ms)
 GET /login 200 in 185ms (compile: 10ms, proxy.ts: 6ms, render: 169ms)
 GET /login 200 in 196ms (compile: 10ms, proxy.ts: 7ms, render: 179ms)
 GET /login 200 in 186ms (compile: 10ms, proxy.ts: 5ms, render: 171ms)
 GET /login 200 in 179ms (compile: 9ms, proxy.ts: 7ms, render: 163ms)
 GET /login 200 in 188ms (compile: 9ms, proxy.ts: 9ms, render: 170ms)
 GET /login 200 in 154ms (compile: 9ms, proxy.ts: 4ms, render: 141ms)
 GET /login 200 in 254ms (compile: 9ms, proxy.ts: 5ms, render: 240ms)
 GET /login 200 in 255ms (compile: 7ms, proxy.ts: 5ms, render: 243ms)
 GET /login 200 in 246ms (compile: 8ms, proxy.ts: 5ms, render: 233ms)
 GET /login 200 in 146ms (compile: 8ms, proxy.ts: 5ms, render: 134ms)
 GET /login 200 in 142ms (compile: 9ms, proxy.ts: 5ms, render: 128ms)
 GET /login 200 in 200ms (compile: 8ms, proxy.ts: 5ms, render: 187ms)
 GET /login 200 in 162ms (compile: 8ms, proxy.ts: 4ms, render: 150ms)
 GET /login 200 in 162ms (compile: 8ms, proxy.ts: 5ms, render: 149ms)
 GET /login 200 in 134ms (compile: 7ms, proxy.ts: 9ms, render: 117ms)
 GET /login 200 in 151ms (compile: 7ms, proxy.ts: 4ms, render: 140ms)
 GET /login 200 in 124ms (compile: 6ms, proxy.ts: 4ms, render: 113ms)
 GET /login 200 in 126ms (compile: 6ms, proxy.ts: 3ms, render: 116ms)
 GET /login 200 in 165ms (compile: 6ms, proxy.ts: 5ms, render: 154ms)
 GET /login 200 in 172ms (compile: 11ms, proxy.ts: 5ms, render: 156ms)
 GET /login 200 in 185ms (compile: 7ms, proxy.ts: 4ms, render: 174ms)
 GET /login 200 in 167ms (compile: 7ms, proxy.ts: 5ms, render: 154ms)
 GET /login 200 in 171ms (compile: 9ms, proxy.ts: 7ms, render: 155ms)
 GET /login 200 in 160ms (compile: 7ms, proxy.ts: 4ms, render: 149ms)
 GET /login 200 in 129ms (compile: 8ms, proxy.ts: 6ms, render: 115ms)
 GET /login 200 in 127ms (compile: 9ms, proxy.ts: 5ms, render: 113ms)
 GET /login 200 in 121ms (compile: 8ms, proxy.ts: 4ms, render: 109ms)
 GET /login 200 in 123ms (compile: 6ms, proxy.ts: 5ms, render: 112ms)
 GET /login 200 in 301ms (compile: 8ms, proxy.ts: 4ms, render: 289ms)
 GET /login 200 in 330ms (compile: 9ms, proxy.ts: 3ms, render: 317ms)
 GET /login 200 in 301ms (compile: 17ms, proxy.ts: 4ms, render: 281ms)
 GET /login 200 in 146ms (compile: 9ms, proxy.ts: 4ms, render: 133ms)
 GET /login 200 in 122ms (compile: 5ms, proxy.ts: 4ms, render: 113ms)
 GET /login 200 in 130ms (compile: 6ms, proxy.ts: 3ms, render: 121ms)
 GET /login 200 in 135ms (compile: 5ms, proxy.ts: 4ms, render: 127ms)
 GET /login 200 in 129ms (compile: 14ms, proxy.ts: 4ms, render: 111ms)
 GET /login 200 in 126ms (compile: 8ms, proxy.ts: 6ms, render: 112ms)
 GET /login 200 in 127ms (compile: 7ms, proxy.ts: 3ms, render: 117ms)
 GET /login 200 in 144ms (compile: 6ms, proxy.ts: 4ms, render: 134ms)
 GET /login 200 in 149ms (compile: 9ms, proxy.ts: 5ms, render: 135ms)
 GET /login 200 in 164ms (compile: 7ms, proxy.ts: 4ms, render: 153ms)
 GET /login 200 in 209ms (compile: 15ms, proxy.ts: 5ms, render: 189ms)
 GET /login 200 in 196ms (compile: 10ms, proxy.ts: 6ms, render: 181ms)
 GET /login 200 in 178ms (compile: 14ms, proxy.ts: 9ms, render: 155ms)
 GET /login 200 in 121ms (compile: 10ms, proxy.ts: 4ms, render: 107ms)
 GET /login 200 in 118ms (compile: 7ms, proxy.ts: 3ms, render: 108ms)
 GET /login 200 in 117ms (compile: 6ms, proxy.ts: 3ms, render: 107ms)
 GET /login 200 in 115ms (compile: 7ms, proxy.ts: 4ms, render: 104ms)
 GET /login 200 in 121ms (compile: 7ms, proxy.ts: 4ms, render: 110ms)
 GET /login 200 in 119ms (compile: 7ms, proxy.ts: 3ms, render: 109ms)
 GET /login 200 in 117ms (compile: 7ms, proxy.ts: 5ms, render: 105ms)
 GET /login 200 in 119ms (compile: 6ms, proxy.ts: 3ms, render: 109ms)
 GET /login 200 in 263ms (compile: 6ms, proxy.ts: 4ms, render: 254ms)
 GET /login 200 in 237ms (compile: 6ms, proxy.ts: 3ms, render: 228ms)
 GET /login 200 in 236ms (compile: 106ms, proxy.ts: 10ms, render: 120ms)
 GET /login 200 in 115ms (compile: 5ms, proxy.ts: 4ms, render: 106ms)
 GET /login 200 in 129ms (compile: 6ms, proxy.ts: 3ms, render: 119ms)
 GET /login 200 in 137ms (compile: 6ms, proxy.ts: 3ms, render: 128ms)
 GET /login 200 in 144ms (compile: 8ms, proxy.ts: 4ms, render: 131ms)
 GET /login 200 in 147ms (compile: 9ms, proxy.ts: 5ms, render: 134ms)
 GET /login 200 in 164ms (compile: 8ms, proxy.ts: 5ms, render: 152ms)
 GET /login 200 in 175ms (compile: 16ms, proxy.ts: 6ms, render: 152ms)
 GET /login 200 in 180ms (compile: 13ms, proxy.ts: 5ms, render: 161ms)
 GET /login 200 in 205ms (compile: 12ms, proxy.ts: 6ms, render: 187ms)
 GET /login 200 in 187ms (compile: 10ms, proxy.ts: 3ms, render: 174ms)
 GET /login 200 in 168ms (compile: 12ms, proxy.ts: 7ms, render: 149ms)
 GET /login 200 in 118ms (compile: 10ms, proxy.ts: 10ms, render: 98ms)
 GET /login 200 in 101ms (compile: 5ms, proxy.ts: 3ms, render: 92ms)
 GET /login 200 in 103ms (compile: 6ms, proxy.ts: 3ms, render: 94ms)
 GET /login 200 in 106ms (compile: 6ms, proxy.ts: 3ms, render: 97ms)
 GET /login 200 in 108ms (compile: 7ms, proxy.ts: 3ms, render: 98ms)
 GET /login 200 in 110ms (compile: 7ms, proxy.ts: 4ms, render: 99ms)
 GET /login 200 in 118ms (compile: 6ms, proxy.ts: 3ms, render: 109ms)
 GET /login 200 in 123ms (compile: 7ms, proxy.ts: 4ms, render: 112ms)
 GET /login 200 in 129ms (compile: 7ms, proxy.ts: 6ms, render: 116ms)
 GET /login 200 in 252ms (compile: 9ms, proxy.ts: 3ms, render: 239ms)
 GET /login 200 in 262ms (compile: 9ms, proxy.ts: 4ms, render: 249ms)
 GET /login 200 in 257ms (compile: 10ms, proxy.ts: 7ms, render: 240ms)
 GET /login 200 in 128ms (compile: 9ms, proxy.ts: 10ms, render: 109ms)
 GET /login 200 in 113ms (compile: 6ms, proxy.ts: 4ms, render: 102ms)
 GET /login 200 in 128ms (compile: 6ms, proxy.ts: 3ms, render: 119ms)
 GET /login 200 in 184ms (compile: 6ms, proxy.ts: 4ms, render: 173ms)
 GET /login 200 in 160ms (compile: 9ms, proxy.ts: 4ms, render: 146ms)
 GET /login 200 in 155ms (compile: 8ms, proxy.ts: 4ms, render: 142ms)
 GET /login 200 in 160ms (compile: 9ms, proxy.ts: 7ms, render: 144ms)
 GET /login 200 in 217ms (compile: 12ms, proxy.ts: 6ms, render: 200ms)
 GET /login 200 in 183ms (compile: 9ms, proxy.ts: 4ms, render: 170ms)
 GET /login 200 in 163ms (compile: 8ms, proxy.ts: 3ms, render: 151ms)
 GET /login 200 in 165ms (compile: 17ms, proxy.ts: 13ms, render: 135ms)
 GET /login 200 in 127ms (compile: 7ms, proxy.ts: 4ms, render: 116ms)
 GET /login 200 in 134ms (compile: 7ms, proxy.ts: 3ms, render: 123ms)
 GET /login 200 in 131ms (compile: 7ms, proxy.ts: 4ms, render: 119ms)
 GET /login 200 in 129ms (compile: 9ms, proxy.ts: 5ms, render: 115ms)
 GET /login 200 in 131ms (compile: 7ms, proxy.ts: 3ms, render: 121ms)
 GET /login 200 in 169ms (compile: 6ms, proxy.ts: 3ms, render: 160ms)
 GET /login 200 in 138ms (compile: 7ms, proxy.ts: 4ms, render: 127ms)
 GET /login 200 in 131ms (compile: 7ms, proxy.ts: 4ms, render: 119ms)
 GET /login 200 in 117ms (compile: 5ms, proxy.ts: 4ms, render: 108ms)
 GET /login 200 in 261ms (compile: 6ms, proxy.ts: 3ms, render: 252ms)
 GET /login 200 in 262ms (compile: 7ms, proxy.ts: 4ms, render: 251ms)
 GET /login 200 in 268ms (compile: 12ms, proxy.ts: 5ms, render: 251ms)
 GET /login 200 in 136ms (compile: 13ms, proxy.ts: 19ms, render: 103ms)
 GET /login 200 in 78ms (compile: 5ms, proxy.ts: 4ms, render: 70ms)
 GET /login 200 in 45ms (compile: 10ms, proxy.ts: 4ms, render: 31ms)
✓ Compiled in 132ms
 GET /login 200 in 174ms (compile: 75ms, proxy.ts: 45ms, render: 55ms)
 GET /login 200 in 53ms (compile: 8ms, proxy.ts: 5ms, render: 40ms)
 GET /login 200 in 84ms (compile: 2ms, proxy.ts: 2ms, render: 79ms)
 GET /login 200 in 93ms (compile: 4ms, proxy.ts: 3ms, render: 86ms)
 GET /login 200 in 123ms (compile: 5ms, proxy.ts: 3ms, render: 115ms)
 GET /login 200 in 104ms (compile: 6ms, proxy.ts: 3ms, render: 94ms)
 GET /login 200 in 119ms (compile: 4ms, proxy.ts: 5ms, render: 109ms)
 GET /login 200 in 154ms (compile: 5ms, proxy.ts: 4ms, render: 145ms)
 GET /login 200 in 155ms (compile: 5ms, proxy.ts: 3ms, render: 147ms)
 GET /login 200 in 141ms (compile: 7ms, proxy.ts: 4ms, render: 129ms)
 GET /login 200 in 129ms (compile: 9ms, proxy.ts: 5ms, render: 115ms)
 GET /login 200 in 119ms (compile: 6ms, proxy.ts: 4ms, render: 109ms)
 GET /login 200 in 112ms (compile: 3ms, proxy.ts: 3ms, render: 106ms)
 GET /login 200 in 92ms (compile: 4ms, proxy.ts: 3ms, render: 86ms)
 GET /login 200 in 87ms (compile: 4ms, proxy.ts: 3ms, render: 80ms)
 GET /login 200 in 108ms (compile: 4ms, proxy.ts: 4ms, render: 100ms)
 GET /login 200 in 103ms (compile: 5ms, proxy.ts: 3ms, render: 95ms)
 GET /login 200 in 83ms (compile: 5ms, proxy.ts: 3ms, render: 75ms)
 GET /login 200 in 75ms (compile: 3ms, proxy.ts: 3ms, render: 69ms)
 GET /login 200 in 72ms (compile: 3ms, proxy.ts: 3ms, render: 66ms)
 GET /login 200 in 68ms (compile: 4ms, proxy.ts: 2ms, render: 62ms)
 GET /login 200 in 66ms (compile: 4ms, proxy.ts: 2ms, render: 60ms)
 GET /login 200 in 63ms (compile: 4ms, proxy.ts: 2ms, render: 57ms)
 GET /login 200 in 66ms (compile: 4ms, proxy.ts: 2ms, render: 60ms)
 GET /login 200 in 66ms (compile: 3ms, proxy.ts: 2ms, render: 60ms)
 GET /login 200 in 65ms (compile: 4ms, proxy.ts: 2ms, render: 59ms)
 GET /login 200 in 62ms (compile: 3ms, proxy.ts: 2ms, render: 56ms)
 GET /login 200 in 66ms (compile: 3ms, proxy.ts: 2ms, render: 61ms)
 GET /login 200 in 67ms (compile: 3ms, proxy.ts: 2ms, render: 61ms)
 GET /login 200 in 66ms (compile: 4ms, proxy.ts: 2ms, render: 60ms)
 GET /login 200 in 62ms (compile: 3ms, proxy.ts: 2ms, render: 56ms)
 GET /login 200 in 67ms (compile: 3ms, proxy.ts: 2ms, render: 61ms)
 GET /login 200 in 68ms (compile: 3ms, proxy.ts: 2ms, render: 62ms)
 GET /login 200 in 66ms (compile: 4ms, proxy.ts: 2ms, render: 60ms)
 GET /login 200 in 47ms (compile: 4ms, proxy.ts: 2ms, render: 41ms)
 GET /login 200 in 43ms (compile: 3ms, proxy.ts: 2ms, render: 38ms)
 GET /login 200 in 22ms (compile: 3ms, proxy.ts: 2ms, render: 17ms)
 GET /login 200 in 68ms (compile: 3ms, proxy.ts: 2ms, render: 63ms)
 GET /login 200 in 68ms (compile: 3ms, proxy.ts: 2ms, render: 63ms)
 GET /login 200 in 75ms (compile: 4ms, proxy.ts: 2ms, render: 69ms)
 GET /login 200 in 75ms (compile: 4ms, proxy.ts: 3ms, render: 68ms)
 GET /login 200 in 78ms (compile: 4ms, proxy.ts: 2ms, render: 72ms)
 GET /login 200 in 55ms (compile: 4ms, proxy.ts: 3ms, render: 48ms)
 GET /login 200 in 33ms (compile: 3ms, proxy.ts: 2ms, render: 28ms)
 GET /login 200 in 20ms (compile: 2ms, proxy.ts: 2ms, render: 16ms)
 GET /login 200 in 28ms (compile: 3ms, proxy.ts: 2ms, render: 23ms)
 GET /login 200 in 96ms (compile: 3ms, proxy.ts: 3ms, render: 91ms)
 GET /login 200 in 144ms (compile: 3ms, proxy.ts: 2ms, render: 139ms)
 GET /login 200 in 124ms (compile: 4ms, proxy.ts: 3ms, render: 118ms)
 GET /login 200 in 109ms (compile: 7ms, proxy.ts: 5ms, render: 97ms)
 GET /login 200 in 66ms (compile: 3ms, proxy.ts: 2ms, render: 61ms)
 GET /login 200 in 61ms (compile: 4ms, proxy.ts: 2ms, render: 54ms)
 GET /login 200 in 60ms (compile: 3ms, proxy.ts: 1894µs, render: 55ms)
 GET /login 200 in 61ms (compile: 3ms, proxy.ts: 2ms, render: 55ms)
 GET /login 200 in 60ms (compile: 3ms, proxy.ts: 1942µs, render: 55ms)
 GET /login 200 in 59ms (compile: 3ms, proxy.ts: 2ms, render: 54ms)
 GET /login 200 in 63ms (compile: 3ms, proxy.ts: 1999µs, render: 58ms)
 GET /login 200 in 63ms (compile: 3ms, proxy.ts: 1919µs, render: 58ms)
 GET /login 200 in 64ms (compile: 3ms, proxy.ts: 1974µs, render: 59ms)
 GET /login 200 in 60ms (compile: 3ms, proxy.ts: 2ms, render: 54ms)
 GET /login 200 in 63ms (compile: 3ms, proxy.ts: 1899µs, render: 58ms)
 GET /login 200 in 76ms (compile: 3ms, proxy.ts: 2ms, render: 71ms)
 GET /login 200 in 61ms (compile: 3ms, proxy.ts: 1991µs, render: 56ms)
 GET /login 200 in 70ms (compile: 3ms, proxy.ts: 2ms, render: 65ms)
 GET /login 200 in 58ms (compile: 2ms, proxy.ts: 1902µs, render: 54ms)
 GET /login 200 in 54ms (compile: 3ms, proxy.ts: 1851µs, render: 49ms)
 GET /login 200 in 37ms (compile: 2ms, proxy.ts: 1778µs, render: 33ms)
 GET /login 200 in 19ms (compile: 4ms, proxy.ts: 1739µs, render: 14ms)
 GET /login 200 in 54ms (compile: 2ms, proxy.ts: 1701µs, render: 51ms)
 GET /login 200 in 59ms (compile: 2ms, proxy.ts: 2ms, render: 54ms)
 GET /login 200 in 62ms (compile: 2ms, proxy.ts: 1938µs, render: 58ms)
 GET /login 200 in 62ms (compile: 3ms, proxy.ts: 2ms, render: 56ms)
 GET /login 200 in 63ms (compile: 3ms, proxy.ts: 2ms, render: 58ms)
 GET /login 200 in 63ms (compile: 4ms, proxy.ts: 2ms, render: 57ms)
 GET /login 200 in 63ms (compile: 3ms, proxy.ts: 2ms, render: 58ms)
 GET /login 200 in 60ms (compile: 3ms, proxy.ts: 2ms, render: 55ms)
 GET /login 200 in 61ms (compile: 4ms, proxy.ts: 1919µs, render: 56ms)
 GET /login 200 in 77ms (compile: 4ms, proxy.ts: 3ms, render: 70ms)
 GET /login 200 in 76ms (compile: 3ms, proxy.ts: 1759µs, render: 71ms)
 GET /login 200 in 76ms (compile: 3ms, proxy.ts: 2ms, render: 71ms)
 GET /login 200 in 65ms (compile: 2ms, proxy.ts: 1905µs, render: 61ms)
 GET /login 200 in 65ms (compile: 2ms, proxy.ts: 2ms, render: 60ms)
 GET /login 200 in 63ms (compile: 3ms, proxy.ts: 1964µs, render: 59ms)
 GET /login 200 in 60ms (compile: 4ms, proxy.ts: 2ms, render: 54ms)
 GET /login 200 in 76ms (compile: 3ms, proxy.ts: 1887µs, render: 71ms)
 GET /login 200 in 76ms (compile: 4ms, proxy.ts: 2ms, render: 70ms)
 GET /login 200 in 62ms (compile: 3ms, proxy.ts: 1807µs, render: 58ms)
 GET /login 200 in 63ms (compile: 2ms, proxy.ts: 1969µs, render: 59ms)
 GET /login 200 in 66ms (compile: 2ms, proxy.ts: 3ms, render: 61ms)
 GET /login 200 in 66ms (compile: 4ms, proxy.ts: 3ms, render: 60ms)
 GET /login 200 in 65ms (compile: 3ms, proxy.ts: 2ms, render: 59ms)
 GET /login 200 in 62ms (compile: 3ms, proxy.ts: 1994µs, render: 57ms)
 GET /login 200 in 62ms (compile: 4ms, proxy.ts: 3ms, render: 56ms)
 GET /login 200 in 43ms (compile: 3ms, proxy.ts: 1907µs, render: 38ms)
 GET /login 200 in 25ms (compile: 3ms, proxy.ts: 2ms, render: 20ms)
 GET /login 200 in 26ms (compile: 3ms, proxy.ts: 3ms, render: 21ms)
 GET /login 200 in 39ms (compile: 4ms, proxy.ts: 3ms, render: 32ms)
 GET /login 200 in 90ms (compile: 5ms, proxy.ts: 4ms, render: 80ms)
 GET /login 200 in 76ms (compile: 4ms, proxy.ts: 3ms, render: 69ms)
 GET /login 200 in 69ms (compile: 3ms, proxy.ts: 2ms, render: 64ms)
 GET /login 200 in 72ms (compile: 6ms, proxy.ts: 2ms, render: 64ms)
 GET /login 200 in 68ms (compile: 3ms, proxy.ts: 3ms, render: 62ms)
 GET /login 200 in 65ms (compile: 4ms, proxy.ts: 3ms, render: 59ms)
 GET /login 200 in 59ms (compile: 4ms, proxy.ts: 2ms, render: 53ms)
 GET /login 200 in 63ms (compile: 3ms, proxy.ts: 2ms, render: 57ms)
 GET /login 200 in 64ms (compile: 3ms, proxy.ts: 1822µs, render: 59ms)
 GET /login 200 in 64ms (compile: 4ms, proxy.ts: 2ms, render: 59ms)
 GET /login 200 in 59ms (compile: 4ms, proxy.ts: 2ms, render: 53ms)
 GET /login 200 in 39ms (compile: 3ms, proxy.ts: 1942µs, render: 34ms)
 GET /login 200 in 22ms (compile: 3ms, proxy.ts: 1978µs, render: 17ms)
 GET /admin/audit-logs 200 in 403ms (compile: 246ms, proxy.ts: 5ms, render: 152ms)
 GET /dashboard 200 in 53ms (compile: 19ms, proxy.ts: 4ms, render: 30ms)
 GET /admin/audit-logs 200 in 53ms (compile: 6ms, proxy.ts: 5ms, render: 43ms)
 GET /admin/settings 200 in 66ms (compile: 32ms, proxy.ts: 5ms, render: 29ms)
 GET /admin/roles 200 in 99ms (compile: 25ms, proxy.ts: 5ms, render: 69ms)
 GET /admin/departments 200 in 58ms (compile: 27ms, proxy.ts: 4ms, render: 28ms)
 GET /dashboard 200 in 51ms (compile: 9ms, proxy.ts: 6ms, render: 37ms)
 GET /admin/system-fund 200 in 861ms (compile: 814ms, proxy.ts: 8ms, render: 39ms)
 GET /login 200 in 161ms (compile: 26ms, proxy.ts: 20ms, render: 116ms)
 GET /dashboard 200 in 212ms (compile: 9ms, proxy.ts: 6ms, render: 197ms)
 GET /admin/departments 200 in 59ms (compile: 8ms, proxy.ts: 5ms, render: 47ms)
 GET /dashboard 200 in 56ms (compile: 10ms, proxy.ts: 6ms, render: 40ms)
 GET /admin/system-fund 200 in 65ms (compile: 18ms, proxy.ts: 15ms, render: 31ms)
 GET /dashboard 200 in 47ms (compile: 13ms, proxy.ts: 4ms, render: 31ms)
 GET /admin/roles 200 in 56ms (compile: 7ms, proxy.ts: 5ms, render: 45ms)
 GET /admin/departments 200 in 58ms (compile: 11ms, proxy.ts: 6ms, render: 42ms)
 GET /admin/users 200 in 113ms (compile: 41ms, proxy.ts: 5ms, render: 66ms)
 GET /admin/roles 200 in 44ms (compile: 5ms, proxy.ts: 3ms, render: 36ms)
 GET /admin/settings 200 in 201ms (compile: 4ms, proxy.ts: 3ms, render: 194ms)
 GET /admin/roles 200 in 60ms (compile: 8ms, proxy.ts: 8ms, render: 43ms)
 GET /notifications 200 in 57ms (compile: 26ms, proxy.ts: 4ms, render: 27ms)
 GET /profile 200 in 118ms (compile: 47ms, proxy.ts: 6ms, render: 65ms)
 GET /wallet 200 in 114ms (compile: 49ms, proxy.ts: 7ms, render: 58ms)
 GET /dashboard 200 in 32ms (compile: 5ms, proxy.ts: 3ms, render: 24ms)
 GET /admin/audit-logs 200 in 34ms (compile: 5ms, proxy.ts: 3ms, render: 26ms)
 GET /admin/settings 200 in 45ms (compile: 9ms, proxy.ts: 8ms, render: 28ms)
 GET /admin/roles 200 in 41ms (compile: 5ms, proxy.ts: 4ms, render: 32ms)
 GET /admin/departments 200 in 75ms (compile: 41ms, proxy.ts: 3ms, render: 31ms)
 GET /admin/users 200 in 50ms (compile: 8ms, proxy.ts: 5ms, render: 38ms)
 GET /dashboard 200 in 26ms (compile: 4ms, proxy.ts: 3ms, render: 19ms)
 GET /admin/users 200 in 42ms (compile: 5ms, proxy.ts: 4ms, render: 32ms)
 GET /login 200 in 89ms (compile: 8ms, proxy.ts: 8ms, render: 74ms)
 GET /login 200 in 95ms (compile: 9ms, proxy.ts: 13ms, render: 73ms)
 GET /dashboard 200 in 63ms (compile: 27ms, proxy.ts: 4ms, render: 32ms)
 GET /admin/users 200 in 65ms (compile: 20ms, proxy.ts: 9ms, render: 37ms)
 GET /admin/roles 200 in 232ms (compile: 180ms, proxy.ts: 7ms, render: 44ms)
 GET /admin/users 200 in 56ms (compile: 6ms, proxy.ts: 6ms, render: 44ms)
 GET /admin/departments 200 in 64ms (compile: 12ms, proxy.ts: 7ms, render: 45ms)
 GET /admin/roles 200 in 54ms (compile: 8ms, proxy.ts: 5ms, render: 41ms)
 GET /admin/settings 200 in 65ms (compile: 22ms, proxy.ts: 3ms, render: 39ms)
 GET /admin/audit-logs 200 in 267ms (compile: 172ms, proxy.ts: 3ms, render: 91ms)
 GET /admin/settings 200 in 59ms (compile: 8ms, proxy.ts: 9ms, render: 41ms)
 GET /admin/roles 200 in 34ms (compile: 4ms, proxy.ts: 3ms, render: 26ms)
 GET /admin/departments 200 in 77ms (compile: 29ms, proxy.ts: 4ms, render: 44ms)
 GET /admin/users 200 in 35ms (compile: 4ms, proxy.ts: 5ms, render: 25ms)
 GET /notifications 200 in 51ms (compile: 15ms, proxy.ts: 3ms, render: 33ms)
 GET /profile 200 in 242ms (compile: 19ms, proxy.ts: 5ms, render: 217ms)
 GET /login 200 in 51ms (compile: 7ms, proxy.ts: 4ms, render: 40ms)
 GET /login 200 in 41ms (compile: 2ms, proxy.ts: 5ms, render: 33ms)
 GET /dashboard 200 in 41ms (compile: 5ms, proxy.ts: 5ms, render: 31ms)
 GET /wallet 200 in 110ms (compile: 73ms, proxy.ts: 5ms, render: 31ms)
 GET /profile 200 in 32ms (compile: 4ms, proxy.ts: 3ms, render: 24ms)
  Reload env: .env.local
 GET /profile 200 in 137ms (compile: 68ms, proxy.ts: 39ms, render: 30ms)
 GET /profile 200 in 199ms (compile: 121ms, proxy.ts: 25ms, render: 53ms)
  Reload env: .env.local
 GET /profile 200 in 538ms (compile: 474ms, proxy.ts: 27ms, render: 37ms)
✓ Compiled in 126ms
✓ Compiled in 57ms
✓ Compiled in 113ms
 GET /profile 200 in 571ms (compile: 282ms, proxy.ts: 4ms, render: 284ms)
 GET /admin/audit-logs 200 in 101ms (compile: 46ms, proxy.ts: 5ms, render: 50ms)
 GET /profile 200 in 57ms (compile: 7ms, proxy.ts: 7ms, render: 43ms)
✓ Compiled in 60ms
✓ Compiled in 417ms
✓ Compiled in 140ms
✓ Compiled in 189ms
✓ Compiled in 82ms
✓ Compiled in 118ms
✓ Compiled in 89ms
✓ Compiled in 62ms
✓ Compiled in 104ms
✓ Compiled in 188ms
✓ Compiled in 100ms
✓ Compiled in 83ms
✓ Compiled in 79ms
 GET /admin/audit-logs 200 in 187ms (compile: 133ms, proxy.ts: 5ms, render: 50ms)
 GET /profile 200 in 281ms (compile: 166ms, proxy.ts: 7ms, render: 109ms)
 GET /wallet 200 in 389ms (compile: 328ms, proxy.ts: 6ms, render: 55ms)
 GET /profile 200 in 52ms (compile: 7ms, proxy.ts: 8ms, render: 37ms)
 GET /profile 200 in 192ms (compile: 12ms, proxy.ts: 4ms, render: 175ms)
✓ Compiled in 118ms
✓ Compiled in 88ms
✓ Compiled in 80ms
✓ Compiled in 39ms
✓ Compiled in 289ms
 GET /profile 200 in 470ms (compile: 161ms, proxy.ts: 8ms, render: 301ms)
 GET /wallet 200 in 395ms (compile: 267ms, proxy.ts: 72ms, render: 56ms)
 GET /wallet 200 in 404ms (compile: 74ms, proxy.ts: 15ms, render: 315ms)
 GET /profile 200 in 46ms (compile: 6ms, proxy.ts: 7ms, render: 33ms)
 GET /notifications 200 in 401ms (compile: 163ms, proxy.ts: 9ms, render: 229ms)
 GET /admin/users 200 in 248ms (compile: 183ms, proxy.ts: 4ms, render: 61ms)
 GET /admin/departments 200 in 312ms (compile: 242ms, proxy.ts: 8ms, render: 63ms)
 GET /admin/users 200 in 35ms (compile: 5ms, proxy.ts: 7ms, render: 23ms)
 GET /admin/users 200 in 266ms (compile: 11ms, proxy.ts: 9ms, render: 247ms)
 GET /admin/departments 200 in 64ms (compile: 7ms, proxy.ts: 6ms, render: 52ms)
 GET /admin/departments 200 in 46ms (compile: 5ms, proxy.ts: 8ms, render: 33ms)
 GET /admin/roles 200 in 247ms (compile: 162ms, proxy.ts: 6ms, render: 79ms)
 GET /admin/settings 200 in 227ms (compile: 136ms, proxy.ts: 5ms, render: 86ms)
 GET /admin/audit-logs 200 in 286ms (compile: 183ms, proxy.ts: 4ms, render: 99ms)
 GET /admin/users 200 in 57ms (compile: 8ms, proxy.ts: 6ms, render: 42ms)
 GET /admin/departments 200 in 53ms (compile: 6ms, proxy.ts: 9ms, render: 39ms)
 GET /admin/roles 200 in 33ms (compile: 5ms, proxy.ts: 4ms, render: 25ms)
 GET /admin/settings 200 in 59ms (compile: 8ms, proxy.ts: 6ms, render: 46ms)
 GET /admin/audit-logs 200 in 247ms (compile: 15ms, proxy.ts: 6ms, render: 226ms)
 GET /notifications 200 in 58ms (compile: 8ms, proxy.ts: 7ms, render: 44ms)
 GET /wallet 200 in 57ms (compile: 9ms, proxy.ts: 5ms, render: 43ms)
 GET /dashboard 200 in 7.7s (compile: 7.7s, proxy.ts: 3ms, render: 35ms)
✓ Compiled in 82ms
 GET /wallet 200 in 88ms (compile: 19ms, proxy.ts: 16ms, render: 53ms)
 GET /profile 200 in 103ms (compile: 11ms, proxy.ts: 7ms, render: 85ms)
 GET /notifications 200 in 51ms (compile: 8ms, proxy.ts: 6ms, render: 38ms)
 GET /admin/users 200 in 273ms (compile: 190ms, proxy.ts: 4ms, render: 78ms)
 GET /admin/departments 200 in 89ms (compile: 16ms, proxy.ts: 7ms, render: 66ms)
 GET /admin/settings 200 in 211ms (compile: 40ms, proxy.ts: 91ms, render: 80ms)
 GET /admin/roles 200 in 150ms (compile: 37ms, proxy.ts: 70ms, render: 43ms)
 GET /admin/audit-logs 200 in 47ms (compile: 7ms, proxy.ts: 5ms, render: 35ms)
✓ Compiled in 234ms
 GET /admin/users 200 in 144ms (compile: 26ms, proxy.ts: 26ms, render: 92ms)
 GET /notifications 200 in 227ms (compile: 30ms, proxy.ts: 36ms, render: 160ms)
 GET /profile 200 in 227ms (compile: 9ms, proxy.ts: 5ms, render: 212ms)
 GET /wallet 200 in 283ms (compile: 204ms, proxy.ts: 5ms, render: 74ms)
 GET /dashboard 200 in 152ms (compile: 89ms, proxy.ts: 15ms, render: 48ms)
✓ Compiled in 257ms
 GET /dashboard 200 in 420ms (compile: 99ms, proxy.ts: 4ms, render: 317ms)
✓ Compiled in 213ms
 GET /dashboard 200 in 307ms (compile: 100ms, proxy.ts: 4ms, render: 203ms)
✓ Compiled in 93ms
 GET /wallet 200 in 66ms (compile: 16ms, proxy.ts: 9ms, render: 40ms)
 GET /profile 200 in 133ms (compile: 38ms, proxy.ts: 58ms, render: 38ms)
✓ Compiled in 102ms
✓ Compiled in 62ms
 GET /admin/audit-logs 200 in 70ms (compile: 10ms, proxy.ts: 9ms, render: 51ms)
 GET /admin/settings 200 in 75ms (compile: 9ms, proxy.ts: 6ms, render: 61ms)
 GET /admin/roles 200 in 68ms (compile: 12ms, proxy.ts: 7ms, render: 48ms)
 GET /admin/departments 200 in 55ms (compile: 9ms, proxy.ts: 5ms, render: 41ms)
 GET /admin/users 200 in 200ms (compile: 18ms, proxy.ts: 6ms, render: 176ms)
 GET /notifications 200 in 46ms (compile: 6ms, proxy.ts: 5ms, render: 35ms)
 GET /profile 200 in 51ms (compile: 11ms, proxy.ts: 6ms, render: 35ms)
 GET /wallet 200 in 164ms (compile: 55ms, proxy.ts: 56ms, render: 53ms)
 GET /dashboard 200 in 282ms (compile: 197ms, proxy.ts: 8ms, render: 77ms)
 GET /admin/roles 200 in 51ms (compile: 9ms, proxy.ts: 5ms, render: 38ms)
 GET /admin/users 200 in 189ms (compile: 139ms, proxy.ts: 7ms, render: 43ms)
✓ Compiled in 183ms
 GET /dashboard 200 in 67ms (compile: 13ms, proxy.ts: 7ms, render: 46ms)
 GET /wallet 200 in 46ms (compile: 8ms, proxy.ts: 8ms, render: 30ms)
 GET /profile 200 in 50ms (compile: 11ms, proxy.ts: 7ms, render: 32ms)
 GET /notifications 200 in 38ms (compile: 6ms, proxy.ts: 4ms, render: 28ms)
 GET /admin/users 200 in 206ms (compile: 33ms, proxy.ts: 116ms, render: 56ms)
 GET /admin/roles 200 in 42ms (compile: 8ms, proxy.ts: 4ms, render: 30ms)
 GET /admin/roles 200 in 39ms (compile: 8ms, proxy.ts: 4ms, render: 28ms)
 GET /admin/settings 200 in 52ms (compile: 16ms, proxy.ts: 3ms, render: 32ms)
 GET /admin/audit-logs 200 in 58ms (compile: 9ms, proxy.ts: 12ms, render: 37ms)
✓ Compiled in 156ms
✓ Compiled in 176ms
✓ Compiled in 37ms
✓ Compiled in 41ms
✓ Compiled in 58ms
✓ Compiled in 74ms
✓ Compiled in 50ms
✓ Compiled in 34ms
✓ Compiled in 61ms
✓ Compiled in 35ms
✓ Compiled in 56ms
✓ Compiled in 36ms
✓ Compiled in 44ms
✓ Compiled in 37ms
✓ Compiled in 52ms
✓ Compiled in 39ms
✓ Compiled in 45ms
✓ Compiled in 57ms
✓ Compiled in 59ms
✓ Compiled in 83ms
✓ Compiled in 39ms
✓ Compiled in 36ms
✓ Compiled in 46ms
✓ Compiled in 38ms
✓ Compiled in 50ms
✓ Compiled in 61ms
✓ Compiled in 66ms
✓ Compiled in 41ms
✓ Compiled in 58ms
 GET /admin/settings 200 in 485ms (compile: 413ms, proxy.ts: 13ms, render: 59ms)
 GET /dashboard 200 in 246ms (compile: 9ms, proxy.ts: 5ms, render: 232ms)
 GET /profile 200 in 87ms (compile: 14ms, proxy.ts: 6ms, render: 66ms)
 GET /profile 200 in 16.0s (compile: 7ms, proxy.ts: 15.9s, render: 67ms)
 GET /admin/settings 200 in 62ms (compile: 10ms, proxy.ts: 7ms, render: 44ms)
 GET /profile 200 in 46ms (compile: 8ms, proxy.ts: 6ms, render: 32ms)
✓ Compiled in 266ms
✓ Compiled in 109ms
✓ Compiled in 83ms
✓ Compiled in 326ms
 GET /profile 200 in 958ms (compile: 523ms, proxy.ts: 10ms, render: 425ms)
 GET /notifications 200 in 623ms (compile: 272ms, proxy.ts: 9ms, render: 342ms)
 GET /profile 200 in 124ms (compile: 18ms, proxy.ts: 7ms, render: 99ms)
 GET /notifications 200 in 216ms (compile: 11ms, proxy.ts: 5ms, render: 200ms)
 GET /profile 200 in 44ms (compile: 9ms, proxy.ts: 3ms, render: 31ms)
 GET /wallet 200 in 322ms (compile: 222ms, proxy.ts: 8ms, render: 92ms)
 GET /notifications 200 in 69ms (compile: 15ms, proxy.ts: 7ms, render: 47ms)
 GET /admin/users 200 in 280ms (compile: 226ms, proxy.ts: 7ms, render: 47ms)
 GET /admin/departments 200 in 244ms (compile: 186ms, proxy.ts: 6ms, render: 52ms)
✓ Compiled in 455ms
✓ Compiled in 206ms
 GET /notifications 200 in 214ms (compile: 153ms, proxy.ts: 7ms, render: 54ms)
 GET /profile 200 in 173ms (compile: 124ms, proxy.ts: 5ms, render: 44ms)
 GET /notifications 200 in 43ms (compile: 5ms, proxy.ts: 4ms, render: 34ms)
 GET /admin/users 200 in 203ms (compile: 147ms, proxy.ts: 6ms, render: 51ms)
○ Compiling /admin/users/[id] ...
 GET /admin/users/18 200 in 4.5s (compile: 4.2s, proxy.ts: 5ms, render: 229ms)
✓ Compiled in 195ms
 GET /profile 200 in 382ms (compile: 151ms, proxy.ts: 5ms, render: 226ms)
 GET /profile 200 in 408ms (compile: 57ms, proxy.ts: 31ms, render: 321ms)
 GET /login 200 in 572ms (compile: 437ms, proxy.ts: 11ms, render: 124ms)
 GET /login 200 in 350ms (compile: 7ms, proxy.ts: 12ms, render: 331ms)
 GET /login?callbackUrl=%2F.well-known%2Fappspecific%2Fcom.chrome.devtools.json 200 in 272ms (compile: 23ms, proxy.ts: 11ms, render: 237ms)
 GET /dashboard 200 in 210ms (compile: 147ms, proxy.ts: 6ms, render: 57ms)
 GET /profile 200 in 42ms (compile: 6ms, proxy.ts: 5ms, render: 31ms)
 GET /notifications 200 in 63ms (compile: 12ms, proxy.ts: 9ms, render: 42ms)
 GET /wallet 200 in 153ms (compile: 118ms, proxy.ts: 2ms, render: 33ms)
 GET /dashboard 200 in 35ms (compile: 4ms, proxy.ts: 4ms, render: 27ms)
 GET /admin/roles 200 in 188ms (compile: 141ms, proxy.ts: 5ms, render: 42ms)
 GET /admin/departments 200 in 89ms (compile: 62ms, proxy.ts: 3ms, render: 23ms)
 GET /admin/users 200 in 34ms (compile: 8ms, proxy.ts: 7ms, render: 20ms)
 GET /profile 200 in 28ms (compile: 4ms, proxy.ts: 3ms, render: 21ms)
 GET /admin/users/1 200 in 314ms (compile: 104ms, proxy.ts: 5ms, render: 206ms)
 GET /login 200 in 72ms (compile: 8ms, proxy.ts: 5ms, render: 60ms)
 GET /login 200 in 55ms (compile: 3ms, proxy.ts: 5ms, render: 47ms)
 GET /dashboard 200 in 80ms (compile: 12ms, proxy.ts: 10ms, render: 58ms)
 GET /profile 200 in 242ms (compile: 189ms, proxy.ts: 5ms, render: 48ms)
 GET /admin/departments 200 in 85ms (compile: 13ms, proxy.ts: 9ms, render: 63ms)
 GET /admin/users 200 in 57ms (compile: 12ms, proxy.ts: 6ms, render: 39ms)
 GET /dashboard 200 in 50ms (compile: 7ms, proxy.ts: 6ms, render: 38ms)
✓ Compiled in 712ms
✓ Compiled in 239ms
✓ Compiled in 193ms
✓ Compiled in 168ms
 GET /wallet 200 in 255ms (compile: 37ms, proxy.ts: 108ms, render: 110ms)
 GET /profile 200 in 78ms (compile: 16ms, proxy.ts: 6ms, render: 57ms)
 GET /notifications 200 in 112ms (compile: 30ms, proxy.ts: 6ms, render: 76ms)
 GET /admin/users 200 in 64ms (compile: 8ms, proxy.ts: 10ms, render: 47ms)
 GET /admin/departments 200 in 79ms (compile: 17ms, proxy.ts: 9ms, render: 54ms)
✓ Compiled in 547ms
✓ Compiled in 388ms
 GET /login?callbackUrl=%2Fwallet 200 in 553ms (compile: 19ms, proxy.ts: 5ms, render: 528ms)
 GET /login 200 in 64ms (compile: 4ms, proxy.ts: 4ms, render: 56ms)
 GET /login 200 in 69ms (compile: 4ms, proxy.ts: 8ms, render: 57ms)
 GET /dashboard 200 in 370ms (compile: 16ms, proxy.ts: 4ms, render: 350ms)
 GET /wallet 200 in 351ms (compile: 91ms, proxy.ts: 9ms, render: 251ms)
 GET /dashboard 200 in 92ms (compile: 5ms, proxy.ts: 3ms, render: 85ms)
 GET /admin/users 200 in 245ms (compile: 61ms, proxy.ts: 5ms, render: 179ms)
 GET /admin/audit-logs 200 in 338ms (compile: 185ms, proxy.ts: 9ms, render: 144ms)
 GET /login 200 in 1213ms (compile: 134ms, proxy.ts: 258ms, render: 821ms)
 GET /dashboard 200 in 161ms (compile: 43ms, proxy.ts: 15ms, render: 103ms)
 GET /profile 200 in 107ms (compile: 36ms, proxy.ts: 7ms, render: 63ms)
 GET /wallet 200 in 70ms (compile: 24ms, proxy.ts: 5ms, render: 41ms)
 GET /notifications 200 in 67ms (compile: 17ms, proxy.ts: 15ms, render: 35ms)
 GET /admin/users 200 in 72ms (compile: 18ms, proxy.ts: 6ms, render: 47ms)
 GET /wallet 200 in 32ms (compile: 5ms, proxy.ts: 5ms, render: 21ms)
✓ Compiled in 284ms
 GET /dashboard 200 in 183ms (compile: 8ms, proxy.ts: 7ms, render: 168ms)
 GET /wallet 200 in 764ms (compile: 224ms, proxy.ts: 4ms, render: 536ms)
 GET /login 200 in 110ms (compile: 7ms, proxy.ts: 4ms, render: 99ms)
 GET /login 200 in 126ms (compile: 8ms, proxy.ts: 14ms, render: 104ms)
 GET /dashboard 200 in 61ms (compile: 14ms, proxy.ts: 7ms, render: 40ms)
 GET /notifications 200 in 29ms (compile: 4ms, proxy.ts: 3ms, render: 23ms)
 GET /profile 200 in 33ms (compile: 7ms, proxy.ts: 6ms, render: 20ms)
 GET /wallet 200 in 33ms (compile: 3ms, proxy.ts: 4ms, render: 25ms)
 GET /profile 200 in 29ms (compile: 3ms, proxy.ts: 5ms, render: 21ms)
✓ Compiled in 87ms
 GET /notifications 200 in 44ms (compile: 5ms, proxy.ts: 6ms, render: 32ms)
 GET /admin/departments 200 in 29ms (compile: 5ms, proxy.ts: 3ms, render: 21ms)
✓ Compiled in 106ms
✓ Compiled in 315ms
 GET /admin/roles 200 in 65ms (compile: 22ms, proxy.ts: 4ms, render: 39ms)
 GET /dashboard 200 in 122ms (compile: 9ms, proxy.ts: 8ms, render: 105ms)
 GET /wallet 200 in 468ms (compile: 90ms, proxy.ts: 5ms, render: 373ms)
 GET /login 200 in 69ms (compile: 6ms, proxy.ts: 4ms, render: 58ms)
 GET /login 200 in 102ms (compile: 3ms, proxy.ts: 6ms, render: 93ms)
 GET /dashboard 200 in 117ms (compile: 6ms, proxy.ts: 5ms, render: 106ms)
 GET /wallet 200 in 470ms (compile: 108ms, proxy.ts: 5ms, render: 357ms)
 GET /dashboard 200 in 60ms (compile: 9ms, proxy.ts: 6ms, render: 46ms)
 GET /admin/users 200 in 49ms (compile: 10ms, proxy.ts: 6ms, render: 33ms)
 GET /admin/departments 200 in 40ms (compile: 10ms, proxy.ts: 2ms, render: 27ms)
 GET /wallet 200 in 29ms (compile: 4ms, proxy.ts: 5ms, render: 20ms)
✓ Compiled in 46ms
 GET /dashboard 200 in 82ms (compile: 4ms, proxy.ts: 2ms, render: 76ms)
 GET /wallet 200 in 443ms (compile: 59ms, proxy.ts: 3ms, render: 381ms)
 GET /login 200 in 50ms (compile: 5ms, proxy.ts: 4ms, render: 40ms)
 GET /login 200 in 56ms (compile: 6ms, proxy.ts: 6ms, render: 44ms)
 GET /dashboard 200 in 39ms (compile: 4ms, proxy.ts: 5ms, render: 30ms)
 GET /profile 200 in 53ms (compile: 7ms, proxy.ts: 9ms, render: 36ms)
 GET /wallet 200 in 27ms (compile: 3ms, proxy.ts: 2ms, render: 21ms)
 GET /login 200 in 84ms (compile: 4ms, proxy.ts: 4ms, render: 76ms)
 GET /dashboard 200 in 47ms (compile: 7ms, proxy.ts: 6ms, render: 34ms)
 GET /wallet 200 in 187ms (compile: 152ms, proxy.ts: 2ms, render: 32ms)
 GET /profile 200 in 22ms (compile: 3ms, proxy.ts: 2ms, render: 18ms)
✓ Compiled in 62ms
✓ Compiled in 64ms
✓ Compiled in 67ms
 GET /notifications 200 in 45ms (compile: 10ms, proxy.ts: 5ms, render: 30ms)
 GET /profile 200 in 33ms (compile: 3ms, proxy.ts: 7ms, render: 22ms)
 GET /wallet 200 in 138ms (compile: 97ms, proxy.ts: 4ms, render: 36ms)
 GET /profile 200 in 33ms (compile: 4ms, proxy.ts: 4ms, render: 25ms)
 GET /profile 200 in 126ms (compile: 4ms, proxy.ts: 3ms, render: 120ms)
 GET /notifications 200 in 65ms (compile: 11ms, proxy.ts: 10ms, render: 44ms)
 GET /profile 200 in 30ms (compile: 4ms, proxy.ts: 2ms, render: 23ms)
 GET /wallet 200 in 28ms (compile: 4ms, proxy.ts: 4ms, render: 21ms)
 GET /profile 200 in 54ms (compile: 6ms, proxy.ts: 7ms, render: 41ms)
 GET /notifications 200 in 38ms (compile: 7ms, proxy.ts: 4ms, render: 27ms)
 GET /admin/users 200 in 39ms (compile: 8ms, proxy.ts: 3ms, render: 28ms)
 GET /admin/users?role=EMPLOYEE 200 in 35ms (compile: 5ms, proxy.ts: 4ms, render: 25ms)
 GET /admin/users?role=TEAM_LEADER 200 in 43ms (compile: 10ms, proxy.ts: 8ms, render: 25ms)
 GET /admin/users?role=MANAGER 200 in 43ms (compile: 5ms, proxy.ts: 4ms, render: 34ms)
 GET /admin/users?role=ACCOUNTANT 200 in 36ms (compile: 9ms, proxy.ts: 4ms, render: 23ms)
 GET /admin/users?role=CFO 200 in 42ms (compile: 7ms, proxy.ts: 8ms, render: 28ms)
 GET /admin/users?role=ADMIN 200 in 65ms (compile: 8ms, proxy.ts: 6ms, render: 51ms)
 GET /admin/departments 200 in 41ms (compile: 7ms, proxy.ts: 4ms, render: 30ms)
✓ Compiled in 70ms
✓ Compiled in 123ms
✓ Compiled in 40ms
✓ Compiled in 42ms
✓ Compiled in 40ms
✓ Compiled in 46ms
✓ Compiled in 61ms
 GET /admin/users 200 in 45ms (compile: 8ms, proxy.ts: 3ms, render: 33ms)
 GET /admin/roles 200 in 124ms (compile: 92ms, proxy.ts: 2ms, render: 30ms)
 GET /admin/settings 200 in 139ms (compile: 89ms, proxy.ts: 4ms, render: 46ms)
 GET /admin/audit-logs 200 in 31ms (compile: 5ms, proxy.ts: 4ms, render: 22ms)
 GET /notifications 200 in 47ms (compile: 9ms, proxy.ts: 9ms, render: 29ms)
 GET /profile 200 in 39ms (compile: 7ms, proxy.ts: 5ms, render: 27ms)
 GET /admin/users 200 in 30ms (compile: 4ms, proxy.ts: 2ms, render: 24ms)
 GET /admin/users/18 200 in 77ms (compile: 29ms, proxy.ts: 3ms, render: 45ms)
 GET /admin/users 200 in 31ms (compile: 4ms, proxy.ts: 5ms, render: 22ms)
 GET /admin/roles 200 in 32ms (compile: 4ms, proxy.ts: 4ms, render: 24ms)
 GET /profile 200 in 49ms (compile: 12ms, proxy.ts: 5ms, render: 32ms)
 GET /dashboard 200 in 43ms (compile: 11ms, proxy.ts: 5ms, render: 27ms)
 GET /wallet 200 in 45ms (compile: 8ms, proxy.ts: 4ms, render: 33ms)
 GET /profile 200 in 34ms (compile: 6ms, proxy.ts: 4ms, render: 24ms)
 GET /notifications 200 in 29ms (compile: 5ms, proxy.ts: 3ms, render: 21ms)
 GET /admin/users 200 in 37ms (compile: 6ms, proxy.ts: 3ms, render: 29ms)
 GET /admin/departments 200 in 123ms (compile: 85ms, proxy.ts: 4ms, render: 34ms)
 GET /admin/roles 200 in 28ms (compile: 7ms, proxy.ts: 2ms, render: 19ms)
 GET /admin/settings 200 in 38ms (compile: 7ms, proxy.ts: 3ms, render: 29ms)
 GET /admin/audit-logs 200 in 42ms (compile: 6ms, proxy.ts: 4ms, render: 32ms)
✓ Compiled in 600ms
 GET /admin/audit-logs 200 in 569ms (compile: 180ms, proxy.ts: 17ms, render: 373ms)
 GET /login?callbackUrl=%2Fwallet%2Fdeposit 200 in 202ms (compile: 24ms, proxy.ts: 6ms, render: 171ms)
 GET /dashboard 200 in 1071ms (compile: 131ms, proxy.ts: 10ms, render: 930ms)
 GET /wallet/deposit 200 in 740ms (compile: 169ms, proxy.ts: 6ms, render: 565ms)
 GET /login 200 in 332ms (compile: 18ms, proxy.ts: 10ms, render: 304ms)
 GET /dashboard 200 in 46ms (compile: 7ms, proxy.ts: 6ms, render: 33ms)
 GET /wallet 200 in 100ms (compile: 71ms, proxy.ts: 4ms, render: 25ms)
 GET /dashboard 200 in 49ms (compile: 6ms, proxy.ts: 5ms, render: 38ms)
 GET /profile 200 in 116ms (compile: 86ms, proxy.ts: 3ms, render: 26ms)
 GET /wallet 200 in 40ms (compile: 7ms, proxy.ts: 4ms, render: 29ms)
 GET /notifications 200 in 132ms (compile: 90ms, proxy.ts: 5ms, render: 37ms)
 GET /notifications 200 in 162ms (compile: 7ms, proxy.ts: 5ms, render: 150ms)
 GET /wallet 200 in 30ms (compile: 3ms, proxy.ts: 3ms, render: 24ms)
 GET /profile 200 in 26ms (compile: 3ms, proxy.ts: 3ms, render: 20ms)
 GET /notifications 200 in 35ms (compile: 8ms, proxy.ts: 4ms, render: 23ms)
 GET /cfo/approvals 200 in 1201ms (compile: 1169ms, proxy.ts: 4ms, render: 29ms)
 GET /profile 200 in 27ms (compile: 3ms, proxy.ts: 3ms, render: 21ms)
 GET /notifications 200 in 21ms (compile: 3ms, proxy.ts: 2ms, render: 15ms)
 GET /cfo/approvals 200 in 26ms (compile: 3ms, proxy.ts: 4ms, render: 19ms)
 GET /cfo/system-fund 200 in 574ms (compile: 536ms, proxy.ts: 5ms, render: 33ms)
 GET /cfo/approvals 200 in 31ms (compile: 4ms, proxy.ts: 4ms, render: 22ms)
 GET /cfo/approvals 200 in 37ms (compile: 4ms, proxy.ts: 4ms, render: 29ms)
 GET /cfo/system-fund 200 in 31ms (compile: 5ms, proxy.ts: 2ms, render: 24ms)
 GET /cfo/approvals 200 in 29ms (compile: 4ms, proxy.ts: 8ms, render: 17ms)
 GET /notifications 200 in 39ms (compile: 5ms, proxy.ts: 5ms, render: 29ms)
 GET /cfo/system-fund 200 in 21ms (compile: 2ms, proxy.ts: 2ms, render: 17ms)
 GET /cfo/audit-logs 200 in 631ms (compile: 584ms, proxy.ts: 4ms, render: 43ms)
 GET /cfo/settings 200 in 374ms (compile: 343ms, proxy.ts: 4ms, render: 27ms)
 GET /cfo/system-fund 200 in 42ms (compile: 6ms, proxy.ts: 5ms, render: 32ms)
 GET /cfo/system-fund 200 in 87ms (compile: 6ms, proxy.ts: 5ms, render: 77ms)
 GET /cfo/audit-logs 200 in 37ms (compile: 4ms, proxy.ts: 9ms, render: 24ms)
✓ Compiled in 526ms
✓ Compiled in 169ms
✓ Compiled in 83ms
 GET /login 200 in 77ms (compile: 11ms, proxy.ts: 4ms, render: 62ms)
 GET /dashboard 200 in 101ms (compile: 71ms, proxy.ts: 4ms, render: 26ms)
 GET /login 200 in 94ms (compile: 9ms, proxy.ts: 4ms, render: 81ms)
 GET /dashboard 200 in 39ms (compile: 12ms, proxy.ts: 6ms, render: 22ms)
 GET /profile 200 in 97ms (compile: 66ms, proxy.ts: 3ms, render: 28ms)
✓ Compiled in 205ms
✓ Compiled in 83ms
✓ Compiled in 57ms
✓ Compiled in 49ms
✓ Compiled in 57ms
 GET /notifications 200 in 301ms (compile: 170ms, proxy.ts: 31ms, render: 100ms)
 GET /wallet 200 in 181ms (compile: 128ms, proxy.ts: 6ms, render: 46ms)
 GET /dashboard 200 in 40ms (compile: 11ms, proxy.ts: 2ms, render: 27ms)
 GET /admin/users 200 in 96ms (compile: 70ms, proxy.ts: 5ms, render: 21ms)
✓ Compiled in 61ms
 GET /admin/departments 200 in 191ms (compile: 134ms, proxy.ts: 16ms, render: 40ms)
 GET /admin/departments/7 200 in 764ms (compile: 714ms, proxy.ts: 10ms, render: 39ms)
✓ Compiled in 267ms
 GET /admin/departments/7 200 in 456ms (compile: 57ms, proxy.ts: 21ms, render: 378ms)
 GET /notifications 200 in 129ms (compile: 20ms, proxy.ts: 27ms, render: 82ms)
✓ Compiled in 56ms
✓ Compiled in 42ms
✓ Compiled in 53ms
✓ Compiled in 49ms
✓ Compiled in 43ms
 GET /dashboard 200 in 103ms (compile: 23ms, proxy.ts: 9ms, render: 71ms)
 GET /dashboard 200 in 234ms (compile: 3ms, proxy.ts: 4ms, render: 227ms)
 GET /admin/users 200 in 164ms (compile: 133ms, proxy.ts: 5ms, render: 26ms)
 GET /notifications 200 in 30ms (compile: 7ms, proxy.ts: 3ms, render: 20ms)
 GET /profile 200 in 100ms (compile: 72ms, proxy.ts: 5ms, render: 23ms)
 GET /dashboard 200 in 39ms (compile: 11ms, proxy.ts: 4ms, render: 23ms)
 GET /admin/users 200 in 51ms (compile: 7ms, proxy.ts: 4ms, render: 39ms)
 GET /admin/departments 200 in 180ms (compile: 145ms, proxy.ts: 2ms, render: 32ms)
 GET /admin/departments?page=2 200 in 29ms (compile: 4ms, proxy.ts: 4ms, render: 21ms)
 GET /admin/departments 200 in 22ms (compile: 3ms, proxy.ts: 2ms, render: 17ms)
 GET /wallet 200 in 97ms (compile: 42ms, proxy.ts: 11ms, render: 44ms)
 GET /admin/departments 200 in 41ms (compile: 6ms, proxy.ts: 6ms, render: 29ms)
 GET /admin/departments/7 200 in 165ms (compile: 118ms, proxy.ts: 5ms, render: 42ms)
 GET /admin/departments 200 in 28ms (compile: 4ms, proxy.ts: 5ms, render: 20ms)
✓ Compiled in 197ms
 GET /admin/departments/7 200 in 40ms (compile: 15ms, proxy.ts: 4ms, render: 21ms)
✓ Compiled in 211ms
 GET /admin/departments 200 in 235ms (compile: 141ms, proxy.ts: 17ms, render: 77ms)
 GET /admin/roles 200 in 160ms (compile: 128ms, proxy.ts: 9ms, render: 24ms)
 GET /admin/settings 200 in 133ms (compile: 102ms, proxy.ts: 9ms, render: 21ms)
 GET /admin/roles 200 in 40ms (compile: 6ms, proxy.ts: 8ms, render: 26ms)
 GET /admin/departments 200 in 33ms (compile: 5ms, proxy.ts: 4ms, render: 24ms)
 GET /admin/users 200 in 43ms (compile: 6ms, proxy.ts: 5ms, render: 32ms)
 GET /notifications 200 in 59ms (compile: 15ms, proxy.ts: 7ms, render: 37ms)
 GET /profile 200 in 39ms (compile: 8ms, proxy.ts: 3ms, render: 29ms)
 GET /dashboard 200 in 51ms (compile: 10ms, proxy.ts: 4ms, render: 37ms)
 GET /wallet 200 in 35ms (compile: 4ms, proxy.ts: 3ms, render: 27ms)
 GET /admin/users 200 in 28ms (compile: 4ms, proxy.ts: 2ms, render: 22ms)
 GET /admin/users/18 200 in 226ms (compile: 118ms, proxy.ts: 6ms, render: 103ms)
 GET /admin/users 200 in 31ms (compile: 5ms, proxy.ts: 4ms, render: 22ms)
 GET /admin/departments 200 in 44ms (compile: 6ms, proxy.ts: 5ms, render: 33ms)
 GET /admin/roles 200 in 43ms (compile: 7ms, proxy.ts: 9ms, render: 26ms)
 GET /admin/settings 200 in 41ms (compile: 6ms, proxy.ts: 3ms, render: 31ms)
 GET /admin/audit-logs 200 in 147ms (compile: 99ms, proxy.ts: 6ms, render: 42ms)
✓ Compiled in 173ms
 GET /admin/users 200 in 166ms (compile: 114ms, proxy.ts: 15ms, render: 36ms)
 GET /admin/users?search=hkhkj 200 in 26ms (compile: 3ms, proxy.ts: 3ms, render: 20ms)
 GET /admin/users 200 in 41ms (compile: 8ms, proxy.ts: 5ms, render: 28ms)
✓ Compiled in 173ms
✓ Compiled in 158ms
✓ Compiled in 67ms
✓ Compiled in 63ms
✓ Compiled in 81ms
✓ Compiled in 73ms
✓ Compiled in 71ms
✓ Compiled in 60ms
✓ Compiled in 88ms
✓ Compiled in 76ms
✓ Compiled in 476ms
✓ Compiled in 557ms
✓ Compiled in 72ms
✓ Compiled in 69ms
✓ Compiled in 62ms
✓ Compiled in 51ms
✓ Compiled in 43ms
✓ Compiled in 45ms
✓ Compiled in 66ms
✓ Compiled in 57ms
✓ Compiled in 56ms
✓ Compiled in 62ms
✓ Compiled in 83ms
✓ Compiled in 46ms
✓ Compiled in 56ms
✓ Compiled in 55ms
 GET /admin/users 200 in 286ms (compile: 18ms, proxy.ts: 17ms, render: 250ms)
 GET /dashboard 200 in 192ms (compile: 150ms, proxy.ts: 6ms, render: 36ms)
 GET /wallet 200 in 38ms (compile: 12ms, proxy.ts: 5ms, render: 21ms)
 GET /profile 200 in 39ms (compile: 15ms, proxy.ts: 4ms, render: 21ms)
 GET /notifications 200 in 46ms (compile: 15ms, proxy.ts: 5ms, render: 27ms)
 GET /profile 200 in 27ms (compile: 6ms, proxy.ts: 4ms, render: 17ms)
 GET /notifications 200 in 28ms (compile: 5ms, proxy.ts: 4ms, render: 18ms)
 GET /admin/users 200 in 40ms (compile: 12ms, proxy.ts: 4ms, render: 25ms)
 GET /admin/users 200 in 43ms (compile: 8ms, proxy.ts: 6ms, render: 29ms)
 GET /admin/departments 200 in 32ms (compile: 7ms, proxy.ts: 2ms, render: 23ms)
 GET /admin/roles 200 in 126ms (compile: 68ms, proxy.ts: 5ms, render: 52ms)
 GET /admin/settings 200 in 131ms (compile: 101ms, proxy.ts: 8ms, render: 22ms)
 GET /admin/audit-logs 200 in 93ms (compile: 65ms, proxy.ts: 4ms, render: 24ms)
 GET /admin/settings 200 in 44ms (compile: 7ms, proxy.ts: 7ms, render: 30ms)
 GET /admin/audit-logs 200 in 41ms (compile: 9ms, proxy.ts: 8ms, render: 24ms)
 GET /wallet 200 in 51ms (compile: 8ms, proxy.ts: 8ms, render: 34ms)
 GET /login 200 in 99ms (compile: 31ms, proxy.ts: 3ms, render: 65ms)
 GET /dashboard 200 in 44ms (compile: 5ms, proxy.ts: 6ms, render: 33ms)
 GET /wallet 200 in 22ms (compile: 3ms, proxy.ts: 1979µs, render: 18ms)
 GET /profile 200 in 23ms (compile: 6ms, proxy.ts: 2ms, render: 15ms)
 GET /notifications 200 in 25ms (compile: 3ms, proxy.ts: 3ms, render: 18ms)
 GET /cfo/approvals 200 in 190ms (compile: 149ms, proxy.ts: 3ms, render: 39ms)
 GET /cfo/system-fund 200 in 99ms (compile: 71ms, proxy.ts: 3ms, render: 25ms)
 GET /cfo/settings 200 in 128ms (compile: 91ms, proxy.ts: 4ms, render: 33ms)
 GET /cfo/audit-logs 200 in 127ms (compile: 91ms, proxy.ts: 6ms, render: 30ms)
✓ Compiled in 141ms
✓ Compiled in 96ms
 GET /cfo/approvals 200 in 67ms (compile: 13ms, proxy.ts: 7ms, render: 47ms)
 GET /cfo/system-fund 200 in 40ms (compile: 7ms, proxy.ts: 6ms, render: 28ms)
 GET /cfo/settings 200 in 163ms (compile: 100ms, proxy.ts: 8ms, render: 56ms)
 GET /cfo/audit-logs 200 in 36ms (compile: 5ms, proxy.ts: 4ms, render: 27ms)
 GET /cfo/settings 200 in 34ms (compile: 6ms, proxy.ts: 3ms, render: 25ms)
 GET /cfo/system-fund 200 in 27ms (compile: 3ms, proxy.ts: 3ms, render: 21ms)
 GET /cfo/settings 200 in 31ms (compile: 4ms, proxy.ts: 5ms, render: 22ms)
 GET /cfo/audit-logs 200 in 28ms (compile: 4ms, proxy.ts: 3ms, render: 21ms)
 GET /cfo/approvals 200 in 36ms (compile: 8ms, proxy.ts: 4ms, render: 25ms)
 GET /profile 200 in 33ms (compile: 4ms, proxy.ts: 4ms, render: 25ms)
 GET /wallet 200 in 49ms (compile: 9ms, proxy.ts: 5ms, render: 35ms)
 GET /dashboard 200 in 36ms (compile: 6ms, proxy.ts: 3ms, render: 26ms)
 GET /cfo/audit-logs 200 in 38ms (compile: 5ms, proxy.ts: 4ms, render: 29ms)
 GET /cfo/settings 200 in 42ms (compile: 5ms, proxy.ts: 7ms, render: 30ms)
 GET /cfo/system-fund 200 in 517ms (compile: 51ms, proxy.ts: 30ms, render: 435ms)
 GET /cfo/settings 200 in 58ms (compile: 5ms, proxy.ts: 5ms, render: 48ms)
 GET /cfo/audit-logs 200 in 46ms (compile: 5ms, proxy.ts: 8ms, render: 33ms)
 GET /login 200 in 81ms (compile: 10ms, proxy.ts: 3ms, render: 68ms)
 GET /dashboard 200 in 51ms (compile: 7ms, proxy.ts: 8ms, render: 35ms)
 GET /admin/audit-logs 200 in 53ms (compile: 7ms, proxy.ts: 4ms, render: 42ms)
 GET /admin/settings 200 in 122ms (compile: 85ms, proxy.ts: 2ms, render: 35ms)
 GET /admin/audit-logs 200 in 32ms (compile: 5ms, proxy.ts: 3ms, render: 24ms)
 GET /login 200 in 81ms (compile: 8ms, proxy.ts: 7ms, render: 66ms)
 GET /dashboard 200 in 50ms (compile: 11ms, proxy.ts: 9ms, render: 30ms)
 GET /notifications 200 in 39ms (compile: 7ms, proxy.ts: 5ms, render: 27ms)
 GET /profile 200 in 38ms (compile: 7ms, proxy.ts: 5ms, render: 26ms)
 GET /cfo/approvals 200 in 29ms (compile: 8ms, proxy.ts: 2ms, render: 19ms)
 GET /cfo/system-fund 200 in 55ms (compile: 9ms, proxy.ts: 7ms, render: 39ms)
 GET /cfo/settings 200 in 30ms (compile: 4ms, proxy.ts: 5ms, render: 21ms)
 GET /cfo/audit-logs 200 in 33ms (compile: 4ms, proxy.ts: 4ms, render: 24ms)
 GET /cfo/settings 200 in 21ms (compile: 3ms, proxy.ts: 2ms, render: 16ms)
 GET /cfo/audit-logs 200 in 25ms (compile: 3ms, proxy.ts: 3ms, render: 19ms)
 GET /cfo/settings 200 in 21ms (compile: 4ms, proxy.ts: 2ms, render: 15ms)
 GET /cfo/system-fund 200 in 22ms (compile: 2ms, proxy.ts: 2ms, render: 17ms)
 GET /cfo/approvals 200 in 40ms (compile: 8ms, proxy.ts: 5ms, render: 26ms)
 GET /profile 200 in 39ms (compile: 6ms, proxy.ts: 4ms, render: 29ms)
 GET /wallet 200 in 28ms (compile: 3ms, proxy.ts: 3ms, render: 22ms)
 GET /profile 200 in 37ms (compile: 8ms, proxy.ts: 4ms, render: 25ms)
 GET /notifications 200 in 39ms (compile: 6ms, proxy.ts: 6ms, render: 27ms)
 GET /cfo/approvals 200 in 63ms (compile: 9ms, proxy.ts: 6ms, render: 47ms)
 GET /cfo/system-fund 200 in 64ms (compile: 6ms, proxy.ts: 6ms, render: 53ms)
 GET /cfo/settings 200 in 30ms (compile: 5ms, proxy.ts: 2ms, render: 22ms)
 GET /cfo/audit-logs 200 in 58ms (compile: 8ms, proxy.ts: 8ms, render: 42ms)
 GET /cfo/settings 200 in 39ms (compile: 7ms, proxy.ts: 3ms, render: 28ms)
 GET /cfo/audit-logs 200 in 40ms (compile: 6ms, proxy.ts: 4ms, render: 30ms)
✓ Compiled in 180ms
✓ Compiled in 354ms
 GET /cfo/audit-logs 200 in 246ms (compile: 134ms, proxy.ts: 5ms, render: 108ms)
 GET /cfo/audit-logs 200 in 547ms (compile: 11ms, proxy.ts: 7ms, render: 529ms)
✓ Compiled in 240ms
 GET /cfo/approvals 200 in 127ms (compile: 78ms, proxy.ts: 7ms, render: 42ms)
 GET /cfo/system-fund 200 in 139ms (compile: 82ms, proxy.ts: 5ms, render: 51ms)
 GET /cfo/approvals 200 in 64ms (compile: 8ms, proxy.ts: 9ms, render: 47ms)
 GET /cfo/system-fund 200 in 44ms (compile: 5ms, proxy.ts: 4ms, render: 35ms)
 GET /cfo/approvals 200 in 55ms (compile: 4ms, proxy.ts: 5ms, render: 45ms)
✓ Compiled in 214ms
 GET /cfo/system-fund 200 in 44ms (compile: 6ms, proxy.ts: 5ms, render: 34ms)
 GET /profile 200 in 132ms (compile: 100ms, proxy.ts: 3ms, render: 29ms)
 GET /notifications 200 in 108ms (compile: 65ms, proxy.ts: 2ms, render: 41ms)
 GET /cfo/approvals 200 in 20ms (compile: 3ms, proxy.ts: 3ms, render: 15ms)
 GET /cfo/system-fund 200 in 28ms (compile: 6ms, proxy.ts: 2ms, render: 20ms)
 GET /cfo/approvals 200 in 29ms (compile: 4ms, proxy.ts: 3ms, render: 21ms)
 GET /cfo/system-fund 200 in 32ms (compile: 5ms, proxy.ts: 5ms, render: 22ms)
 GET /profile 200 in 28ms (compile: 3ms, proxy.ts: 5ms, render: 20ms)
 GET /notifications 200 in 23ms (compile: 5ms, proxy.ts: 3ms, render: 15ms)
 GET /dashboard 200 in 85ms (compile: 50ms, proxy.ts: 2ms, render: 33ms)
✓ Compiled in 140ms
 GET /cfo/system-fund 200 in 38ms (compile: 7ms, proxy.ts: 7ms, render: 25ms)
 GET /wallet 200 in 193ms (compile: 122ms, proxy.ts: 5ms, render: 66ms)
 GET /profile 200 in 55ms (compile: 8ms, proxy.ts: 6ms, render: 41ms)
 GET /notifications 200 in 25ms (compile: 4ms, proxy.ts: 3ms, render: 19ms)
 GET /cfo/approvals 200 in 83ms (compile: 47ms, proxy.ts: 3ms, render: 33ms)
 GET /cfo/system-fund 200 in 32ms (compile: 5ms, proxy.ts: 3ms, render: 24ms)
 GET /cfo/approvals 200 in 24ms (compile: 5ms, proxy.ts: 3ms, render: 17ms)
 GET /cfo/system-fund 200 in 37ms (compile: 6ms, proxy.ts: 3ms, render: 28ms)
 GET /login 200 in 67ms (compile: 12ms, proxy.ts: 4ms, render: 52ms)
 GET /dashboard 200 in 69ms (compile: 9ms, proxy.ts: 7ms, render: 53ms)
 GET /notifications 200 in 26ms (compile: 6ms, proxy.ts: 3ms, render: 17ms)
 GET /profile 200 in 25ms (compile: 3ms, proxy.ts: 3ms, render: 19ms)
 GET /wallet 200 in 36ms (compile: 5ms, proxy.ts: 6ms, render: 26ms)
 GET /dashboard 200 in 21ms (compile: 3ms, proxy.ts: 2ms, render: 16ms)
 GET /accountant/disbursements 200 in 1153ms (compile: 1105ms, proxy.ts: 3ms, render: 45ms)
 GET /accountant/payroll 200 in 552ms (compile: 512ms, proxy.ts: 6ms, render: 34ms)
 GET /accountant/ledger 200 in 629ms (compile: 587ms, proxy.ts: 2ms, render: 39ms)
 GET /accountant/withdrawals 200 in 649ms (compile: 610ms, proxy.ts: 4ms, render: 35ms)
 GET /accountant/ledger 200 in 90ms (compile: 11ms, proxy.ts: 11ms, render: 68ms)
 GET /accountant/ledger 200 in 73ms (compile: 13ms, proxy.ts: 8ms, render: 52ms)
 GET /accountant/payroll 200 in 60ms (compile: 12ms, proxy.ts: 8ms, render: 40ms)
 GET /accountant/disbursements 200 in 61ms (compile: 8ms, proxy.ts: 6ms, render: 48ms)
 GET /accountant/payroll 200 in 28ms (compile: 4ms, proxy.ts: 3ms, render: 21ms)
 GET /accountant/ledger 200 in 27ms (compile: 4ms, proxy.ts: 3ms, render: 20ms)
 GET /login 200 in 138ms (compile: 6ms, proxy.ts: 5ms, render: 128ms)
 GET /dashboard 200 in 63ms (compile: 7ms, proxy.ts: 7ms, render: 49ms)
 GET /admin/roles 200 in 165ms (compile: 106ms, proxy.ts: 3ms, render: 55ms)
 GET /admin/settings 200 in 126ms (compile: 81ms, proxy.ts: 2ms, render: 43ms)
 GET /admin/audit-logs 200 in 120ms (compile: 72ms, proxy.ts: 3ms, render: 45ms)
✓ Compiled in 76ms
 GET /admin/audit-logs 200 in 46ms (compile: 5ms, proxy.ts: 4ms, render: 37ms)
✓ Compiled in 154ms
 GET /admin/audit-logs 200 in 712ms (compile: 523ms, proxy.ts: 57ms, render: 132ms)
 GET /admin/audit-logs 200 in 86ms (compile: 5ms, proxy.ts: 8ms, render: 73ms)
 GET /admin/audit-logs 200 in 53ms (compile: 5ms, proxy.ts: 3ms, render: 45ms)
 GET /login 200 in 276ms (compile: 32ms, proxy.ts: 13ms, render: 231ms)
 GET /dashboard 200 in 75ms (compile: 29ms, proxy.ts: 5ms, render: 41ms)
 GET /cfo/system-fund 200 in 124ms (compile: 88ms, proxy.ts: 8ms, render: 28ms)
 GET /cfo/approvals 200 in 53ms (compile: 23ms, proxy.ts: 6ms, render: 24ms)
 GET /dashboard 200 in 28ms (compile: 3ms, proxy.ts: 4ms, render: 21ms)
 GET /cfo/audit-logs 200 in 73ms (compile: 36ms, proxy.ts: 2ms, render: 35ms)
 GET /dashboard 200 in 25ms (compile: 7ms, proxy.ts: 3ms, render: 15ms)
✓ Compiled in 65ms
✓ Compiled in 59ms
 GET /cfo/approvals 200 in 44ms (compile: 8ms, proxy.ts: 4ms, render: 32ms)
 GET /cfo/system-fund 200 in 47ms (compile: 9ms, proxy.ts: 9ms, render: 29ms)
 GET /cfo/approvals 200 in 28ms (compile: 4ms, proxy.ts: 4ms, render: 19ms)
 GET /notifications 200 in 54ms (compile: 24ms, proxy.ts: 3ms, render: 27ms)
 GET /profile 200 in 52ms (compile: 28ms, proxy.ts: 5ms, render: 19ms)
 GET /wallet 200 in 79ms (compile: 33ms, proxy.ts: 4ms, render: 43ms)
 GET /profile 200 in 56ms (compile: 9ms, proxy.ts: 10ms, render: 37ms)
 GET /wallet 200 in 27ms (compile: 3ms, proxy.ts: 4ms, render: 19ms)
 GET /dashboard 200 in 89ms (compile: 47ms, proxy.ts: 2ms, render: 40ms)
 GET /wallet 200 in 37ms (compile: 4ms, proxy.ts: 4ms, render: 29ms)
 GET /profile 200 in 25ms (compile: 5ms, proxy.ts: 3ms, render: 17ms)
 GET /wallet 200 in 30ms (compile: 5ms, proxy.ts: 9ms, render: 17ms)
 GET /wallet 200 in 32ms (compile: 4ms, proxy.ts: 6ms, render: 22ms)
 GET /login 200 in 131ms (compile: 9ms, proxy.ts: 7ms, render: 115ms)
 GET /dashboard 200 in 59ms (compile: 10ms, proxy.ts: 11ms, render: 38ms)
 GET /admin/system-fund 200 in 129ms (compile: 99ms, proxy.ts: 3ms, render: 26ms)
 GET /accountant/withdrawals 200 in 43ms (compile: 14ms, proxy.ts: 4ms, render: 25ms)
 GET /accountant/ledger 200 in 44ms (compile: 12ms, proxy.ts: 4ms, render: 28ms)
 GET /accountant/payroll 200 in 34ms (compile: 10ms, proxy.ts: 3ms, render: 21ms)
 GET /accountant/disbursements 200 in 35ms (compile: 10ms, proxy.ts: 4ms, render: 21ms)
 GET /notifications 200 in 37ms (compile: 5ms, proxy.ts: 4ms, render: 28ms)
 GET /notifications 200 in 180ms (compile: 4ms, proxy.ts: 2ms, render: 174ms)
 GET /accountant/disbursements 200 in 30ms (compile: 5ms, proxy.ts: 3ms, render: 22ms)
 GET /accountant/payroll 200 in 40ms (compile: 4ms, proxy.ts: 4ms, render: 32ms)
 GET /accountant/ledger 200 in 33ms (compile: 3ms, proxy.ts: 4ms, render: 26ms)
 GET /accountant/withdrawals 200 in 46ms (compile: 5ms, proxy.ts: 9ms, render: 33ms)
 GET /admin/system-fund 200 in 30ms (compile: 3ms, proxy.ts: 3ms, render: 24ms)
 GET /payroll 200 in 837ms (compile: 803ms, proxy.ts: 6ms, render: 27ms)
✓ Compiled in 84ms
 GET /accountant/withdrawals 200 in 110ms (compile: 64ms, proxy.ts: 7ms, render: 40ms)
 GET /admin/system-fund 200 in 105ms (compile: 48ms, proxy.ts: 4ms, render: 53ms)
 GET /accountant/withdrawals 200 in 55ms (compile: 11ms, proxy.ts: 7ms, render: 37ms)
 GET /admin/system-fund 200 in 28ms (compile: 7ms, proxy.ts: 5ms, render: 17ms)
✓ Compiled in 175ms
 GET /accountant/withdrawals 200 in 55ms (compile: 9ms, proxy.ts: 9ms, render: 37ms)
 GET /accountant/ledger 200 in 165ms (compile: 104ms, proxy.ts: 11ms, render: 51ms)
 GET /accountant/payroll 200 in 78ms (compile: 53ms, proxy.ts: 3ms, render: 22ms)
 GET /accountant/disbursements 200 in 71ms (compile: 50ms, proxy.ts: 2ms, render: 19ms)
 GET /accountant/payroll 200 in 73ms (compile: 7ms, proxy.ts: 9ms, render: 57ms)
 GET /accountant/ledger 200 in 30ms (compile: 3ms, proxy.ts: 2ms, render: 25ms)
 GET /accountant/withdrawals 200 in 55ms (compile: 6ms, proxy.ts: 6ms, render: 44ms)
 GET /admin/system-fund 200 in 32ms (compile: 6ms, proxy.ts: 3ms, render: 24ms)
 GET /dashboard 200 in 100ms (compile: 63ms, proxy.ts: 3ms, render: 33ms)
 GET /dashboard 200 in 476ms (compile: 7ms, proxy.ts: 6ms, render: 463ms)
 GET /profile 200 in 129ms (compile: 96ms, proxy.ts: 3ms, render: 30ms)
 GET /wallet 200 in 133ms (compile: 96ms, proxy.ts: 3ms, render: 35ms)
✓ Compiled in 80ms
✓ Compiled in 70ms
✓ Compiled in 58ms
 GET /dashboard 200 in 45ms (compile: 8ms, proxy.ts: 5ms, render: 32ms)
 GET /wallet 200 in 139ms (compile: 86ms, proxy.ts: 11ms, render: 42ms)
 GET /profile 404 in 1172ms (compile: 1126ms, proxy.ts: 8ms, render: 38ms)
 GET /profile 200 in 43ms (compile: 9ms, proxy.ts: 4ms, render: 31ms)
 GET /notifications 200 in 160ms (compile: 114ms, proxy.ts: 4ms, render: 43ms)
 GET /accountant/disbursements 200 in 35ms (compile: 7ms, proxy.ts: 3ms, render: 25ms)
 GET /accountant/payroll 200 in 37ms (compile: 12ms, proxy.ts: 4ms, render: 21ms)
 GET /accountant/withdrawals 200 in 123ms (compile: 83ms, proxy.ts: 5ms, render: 36ms)
 GET /accountant/ledger 200 in 33ms (compile: 7ms, proxy.ts: 5ms, render: 21ms)
 GET /admin/system-fund 200 in 46ms (compile: 11ms, proxy.ts: 4ms, render: 31ms)
 GET /accountant/withdrawals 200 in 25ms (compile: 4ms, proxy.ts: 3ms, render: 18ms)
 GET /accountant/ledger 200 in 42ms (compile: 9ms, proxy.ts: 3ms, render: 30ms)
 GET /accountant/withdrawals 200 in 33ms (compile: 5ms, proxy.ts: 4ms, render: 24ms)
 GET /accountant/ledger 200 in 33ms (compile: 3ms, proxy.ts: 4ms, render: 26ms)
 GET /accountant/payroll 200 in 25ms (compile: 7ms, proxy.ts: 2ms, render: 15ms)
 GET /accountant/disbursements 200 in 31ms (compile: 7ms, proxy.ts: 3ms, render: 21ms)
 GET /accountant/payroll 200 in 47ms (compile: 9ms, proxy.ts: 7ms, render: 31ms)
 GET /accountant/ledger 200 in 57ms (compile: 7ms, proxy.ts: 6ms, render: 43ms)
 GET /accountant/withdrawals 200 in 61ms (compile: 7ms, proxy.ts: 8ms, render: 46ms)
 GET /admin/system-fund 200 in 51ms (compile: 8ms, proxy.ts: 5ms, render: 38ms)
 GET /payroll 200 in 195ms (compile: 124ms, proxy.ts: 9ms, render: 62ms)
 GET /admin/system-fund 200 in 42ms (compile: 8ms, proxy.ts: 5ms, render: 29ms)
 GET /accountant/withdrawals 200 in 32ms (compile: 6ms, proxy.ts: 4ms, render: 21ms)
 GET /accountant/ledger 200 in 39ms (compile: 4ms, proxy.ts: 6ms, render: 29ms)
 GET /accountant/payroll 200 in 32ms (compile: 10ms, proxy.ts: 5ms, render: 17ms)
 GET /accountant/disbursements 200 in 32ms (compile: 4ms, proxy.ts: 4ms, render: 24ms)
 GET /accountant/disbursements?type=ADVANCE 200 in 43ms (compile: 8ms, proxy.ts: 5ms, render: 30ms)
 GET /accountant/disbursements?type=EXPENSE 200 in 39ms (compile: 5ms, proxy.ts: 3ms, render: 31ms)
 GET /accountant/disbursements?type=REIMBURSE 200 in 28ms (compile: 5ms, proxy.ts: 4ms, render: 19ms)
 GET /accountant/payroll 200 in 73ms (compile: 10ms, proxy.ts: 9ms, render: 54ms)
 GET /accountant/payroll/4 200 in 1764ms (compile: 1728ms, proxy.ts: 5ms, render: 31ms)
 GET /accountant/ledger 200 in 45ms (compile: 8ms, proxy.ts: 7ms, render: 30ms)
 GET /accountant/ledger/27 200 in 1131ms (compile: 1088ms, proxy.ts: 6ms, render: 37ms)
 GET /accountant/ledger 200 in 32ms (compile: 5ms, proxy.ts: 4ms, render: 24ms)
 GET /accountant/ledger/23 200 in 37ms (compile: 12ms, proxy.ts: 4ms, render: 22ms)
 GET /accountant/ledger 200 in 36ms (compile: 4ms, proxy.ts: 7ms, render: 24ms)
 GET /accountant/withdrawals 200 in 38ms (compile: 6ms, proxy.ts: 4ms, render: 29ms)
 GET /admin/system-fund 200 in 42ms (compile: 5ms, proxy.ts: 8ms, render: 29ms)
 GET /accountant/payroll 200 in 157ms (compile: 49ms, proxy.ts: 24ms, render: 84ms)
 GET /admin/system-fund 200 in 46ms (compile: 10ms, proxy.ts: 8ms, render: 28ms)
 GET /payroll 200 in 40ms (compile: 9ms, proxy.ts: 4ms, render: 27ms)
 GET /profile 200 in 60ms (compile: 11ms, proxy.ts: 12ms, render: 37ms)
✓ Compiled in 201ms
✓ Compiled in 67ms
✓ Compiled in 66ms
✓ Compiled in 289ms
✓ Compiled in 72ms
✓ Compiled in 66ms
 GET /login 200 in 444ms (compile: 232ms, proxy.ts: 6ms, render: 206ms)
✓ Compiled in 186ms
✓ Compiled in 142ms
✓ Compiled in 199ms
 GET /dashboard 200 in 684ms (compile: 158ms, proxy.ts: 91ms, render: 434ms)
 GET /accountant/disbursements 200 in 382ms (compile: 300ms, proxy.ts: 15ms, render: 66ms)
 GET /notifications 200 in 104ms (compile: 39ms, proxy.ts: 6ms, render: 60ms)
 GET /wallet 200 in 335ms (compile: 277ms, proxy.ts: 12ms, render: 46ms)
 GET /profile 200 in 78ms (compile: 25ms, proxy.ts: 4ms, render: 48ms)
 GET /accountant/disbursements 200 in 65ms (compile: 7ms, proxy.ts: 6ms, render: 51ms)
 GET /accountant/disbursements?type=ADVANCE 200 in 43ms (compile: 4ms, proxy.ts: 5ms, render: 33ms)
 GET /accountant/disbursements?type=EXPENSE 200 in 53ms (compile: 9ms, proxy.ts: 5ms, render: 39ms)
 GET /accountant/disbursements?type=REIMBURSE 200 in 70ms (compile: 10ms, proxy.ts: 5ms, render: 55ms)
 GET /accountant/payroll 200 in 317ms (compile: 238ms, proxy.ts: 8ms, render: 72ms)
 GET /accountant/ledger 200 in 274ms (compile: 103ms, proxy.ts: 7ms, render: 164ms)
 GET /accountant/withdrawals 200 in 175ms (compile: 121ms, proxy.ts: 6ms, render: 47ms)
 GET /admin/system-fund 200 in 170ms (compile: 133ms, proxy.ts: 6ms, render: 31ms)
 GET /payroll 200 in 350ms (compile: 278ms, proxy.ts: 7ms, render: 64ms)
 GET /admin/system-fund 200 in 67ms (compile: 14ms, proxy.ts: 9ms, render: 44ms)
 GET /accountant/withdrawals 200 in 40ms (compile: 6ms, proxy.ts: 5ms, render: 29ms)
 GET /admin/system-fund 200 in 46ms (compile: 9ms, proxy.ts: 4ms, render: 32ms)
 GET /login 200 in 122ms (compile: 11ms, proxy.ts: 5ms, render: 107ms)
 GET /dashboard 200 in 53ms (compile: 8ms, proxy.ts: 8ms, render: 38ms)
 GET /admin/audit-logs 200 in 202ms (compile: 167ms, proxy.ts: 7ms, render: 29ms)
 GET /admin/settings 200 in 127ms (compile: 88ms, proxy.ts: 8ms, render: 31ms)
 GET /admin/roles 200 in 148ms (compile: 110ms, proxy.ts: 12ms, render: 27ms)
 GET /admin/departments 200 in 179ms (compile: 109ms, proxy.ts: 3ms, render: 67ms)
 GET /admin/users 200 in 94ms (compile: 66ms, proxy.ts: 2ms, render: 25ms)
 GET /login 200 in 99ms (compile: 6ms, proxy.ts: 11ms, render: 81ms)
 GET /dashboard 200 in 30ms (compile: 5ms, proxy.ts: 3ms, render: 22ms)
 GET /admin/system-fund 200 in 29ms (compile: 3ms, proxy.ts: 3ms, render: 22ms)
✓ Compiled in 206ms
✓ Compiled in 62ms
✓ Compiled in 63ms
 GET /admin/system-fund 200 in 2.0s (compile: 1043ms, proxy.ts: 72ms, render: 910ms)
 GET /admin/system-fund 200 in 491ms (compile: 106ms, proxy.ts: 79ms, render: 305ms)
 GET /admin/system-fund 200 in 147ms (compile: 7ms, proxy.ts: 6ms, render: 134ms)
 GET /admin/system-fund 200 in 133ms (compile: 9ms, proxy.ts: 4ms, render: 119ms)
 GET /admin/system-fund 200 in 126ms (compile: 7ms, proxy.ts: 4ms, render: 115ms)
 GET /admin/system-fund 200 in 127ms (compile: 7ms, proxy.ts: 4ms, render: 117ms)
 GET /admin/system-fund 200 in 131ms (compile: 14ms, proxy.ts: 3ms, render: 114ms)
 GET /admin/system-fund 200 in 139ms (compile: 5ms, proxy.ts: 3ms, render: 130ms)
 GET /admin/system-fund 200 in 134ms (compile: 12ms, proxy.ts: 4ms, render: 119ms)
 GET /admin/system-fund 200 in 148ms (compile: 8ms, proxy.ts: 4ms, render: 136ms)
 GET /admin/system-fund 200 in 173ms (compile: 8ms, proxy.ts: 10ms, render: 155ms)
 GET /admin/system-fund 200 in 175ms (compile: 8ms, proxy.ts: 5ms, render: 163ms)
 GET /admin/system-fund 200 in 127ms (compile: 9ms, proxy.ts: 4ms, render: 114ms)
 GET /admin/system-fund 200 in 130ms (compile: 5ms, proxy.ts: 5ms, render: 120ms)
 GET /admin/system-fund 200 in 158ms (compile: 5ms, proxy.ts: 5ms, render: 148ms)
 GET /admin/system-fund 200 in 133ms (compile: 9ms, proxy.ts: 4ms, render: 121ms)
 GET /admin/system-fund 200 in 134ms (compile: 7ms, proxy.ts: 3ms, render: 123ms)
 GET /admin/system-fund 200 in 144ms (compile: 5ms, proxy.ts: 4ms, render: 135ms)
 GET /admin/system-fund 200 in 138ms (compile: 8ms, proxy.ts: 4ms, render: 127ms)
 GET /admin/system-fund 200 in 172ms (compile: 8ms, proxy.ts: 5ms, render: 158ms)
 GET /admin/system-fund 200 in 135ms (compile: 7ms, proxy.ts: 5ms, render: 124ms)
 GET /admin/system-fund 200 in 134ms (compile: 7ms, proxy.ts: 3ms, render: 123ms)
 GET /admin/system-fund 200 in 152ms (compile: 6ms, proxy.ts: 5ms, render: 141ms)
 GET /admin/system-fund 200 in 123ms (compile: 7ms, proxy.ts: 3ms, render: 113ms)
 GET /admin/system-fund 200 in 133ms (compile: 6ms, proxy.ts: 4ms, render: 124ms)
 GET /admin/system-fund 200 in 147ms (compile: 5ms, proxy.ts: 4ms, render: 137ms)
 GET /admin/system-fund 200 in 143ms (compile: 12ms, proxy.ts: 4ms, render: 127ms)
 GET /admin/system-fund 200 in 147ms (compile: 7ms, proxy.ts: 4ms, render: 136ms)
 GET /admin/system-fund 200 in 191ms (compile: 8ms, proxy.ts: 5ms, render: 178ms)
 GET /admin/system-fund 200 in 165ms (compile: 6ms, proxy.ts: 3ms, render: 156ms)
 GET /admin/system-fund 200 in 159ms (compile: 10ms, proxy.ts: 6ms, render: 142ms)
 GET /admin/system-fund 200 in 147ms (compile: 7ms, proxy.ts: 5ms, render: 135ms)
 GET /admin/system-fund 200 in 143ms (compile: 6ms, proxy.ts: 4ms, render: 133ms)
 GET /admin/system-fund 200 in 189ms (compile: 9ms, proxy.ts: 7ms, render: 173ms)
 GET /admin/system-fund 200 in 148ms (compile: 7ms, proxy.ts: 3ms, render: 139ms)
 GET /admin/system-fund 200 in 153ms (compile: 8ms, proxy.ts: 7ms, render: 138ms)
 GET /admin/system-fund 200 in 131ms (compile: 8ms, proxy.ts: 4ms, render: 119ms)
 GET /admin/system-fund 200 in 135ms (compile: 8ms, proxy.ts: 4ms, render: 123ms)
 GET /admin/system-fund 200 in 130ms (compile: 8ms, proxy.ts: 5ms, render: 117ms)
 GET /admin/system-fund 200 in 170ms (compile: 8ms, proxy.ts: 4ms, render: 158ms)
 GET /admin/system-fund 200 in 179ms (compile: 9ms, proxy.ts: 4ms, render: 165ms)
 GET /admin/system-fund 200 in 159ms (compile: 7ms, proxy.ts: 4ms, render: 148ms)
 GET /admin/system-fund 200 in 153ms (compile: 4ms, proxy.ts: 4ms, render: 144ms)
 GET /admin/system-fund 200 in 159ms (compile: 5ms, proxy.ts: 4ms, render: 151ms)
 GET /admin/system-fund 200 in 162ms (compile: 9ms, proxy.ts: 6ms, render: 147ms)
 GET /admin/system-fund 200 in 257ms (compile: 8ms, proxy.ts: 4ms, render: 245ms)
 GET /admin/system-fund 200 in 253ms (compile: 8ms, proxy.ts: 6ms, render: 239ms)
 GET /admin/system-fund 200 in 234ms (compile: 103ms, proxy.ts: 6ms, render: 125ms)
 GET /admin/system-fund 200 in 130ms (compile: 8ms, proxy.ts: 4ms, render: 119ms)
 GET /admin/system-fund 200 in 183ms (compile: 9ms, proxy.ts: 4ms, render: 171ms)
 GET /admin/system-fund 200 in 148ms (compile: 8ms, proxy.ts: 5ms, render: 136ms)
 GET /admin/system-fund 200 in 154ms (compile: 10ms, proxy.ts: 5ms, render: 139ms)
 GET /admin/system-fund 200 in 145ms (compile: 8ms, proxy.ts: 5ms, render: 132ms)
 GET /admin/system-fund 200 in 150ms (compile: 6ms, proxy.ts: 5ms, render: 139ms)
 GET /admin/system-fund 200 in 159ms (compile: 8ms, proxy.ts: 5ms, render: 146ms)
 GET /admin/system-fund 200 in 173ms (compile: 9ms, proxy.ts: 4ms, render: 160ms)
 GET /admin/system-fund 200 in 169ms (compile: 7ms, proxy.ts: 4ms, render: 158ms)
 GET /admin/system-fund 200 in 168ms (compile: 9ms, proxy.ts: 11ms, render: 148ms)
 GET /admin/system-fund 200 in 134ms (compile: 12ms, proxy.ts: 6ms, render: 116ms)
 GET /admin/system-fund 200 in 138ms (compile: 8ms, proxy.ts: 4ms, render: 126ms)
 GET /admin/system-fund 200 in 140ms (compile: 6ms, proxy.ts: 3ms, render: 131ms)
 GET /admin/system-fund 200 in 217ms (compile: 7ms, proxy.ts: 3ms, render: 207ms)
 GET /admin/system-fund 200 in 181ms (compile: 10ms, proxy.ts: 5ms, render: 166ms)
 GET /admin/system-fund 200 in 199ms (compile: 10ms, proxy.ts: 5ms, render: 183ms)
 GET /admin/system-fund 200 in 175ms (compile: 8ms, proxy.ts: 6ms, render: 161ms)
 GET /admin/system-fund 200 in 209ms (compile: 12ms, proxy.ts: 7ms, render: 191ms)
 GET /admin/system-fund 200 in 153ms (compile: 8ms, proxy.ts: 6ms, render: 139ms)
 GET /admin/system-fund 200 in 164ms (compile: 7ms, proxy.ts: 5ms, render: 152ms)
 GET /admin/system-fund 200 in 163ms (compile: 7ms, proxy.ts: 6ms, render: 151ms)
 GET /admin/system-fund 200 in 179ms (compile: 7ms, proxy.ts: 5ms, render: 167ms)
 GET /admin/system-fund 200 in 186ms (compile: 8ms, proxy.ts: 6ms, render: 172ms)
 GET /admin/system-fund 200 in 200ms (compile: 8ms, proxy.ts: 4ms, render: 187ms)
 GET /admin/system-fund 200 in 253ms (compile: 9ms, proxy.ts: 5ms, render: 239ms)
 GET /admin/system-fund 200 in 228ms (compile: 13ms, proxy.ts: 9ms, render: 206ms)
 GET /admin/system-fund 200 in 167ms (compile: 10ms, proxy.ts: 5ms, render: 152ms)
 GET /admin/system-fund 200 in 147ms (compile: 8ms, proxy.ts: 8ms, render: 132ms)
 GET /admin/system-fund 200 in 131ms (compile: 6ms, proxy.ts: 5ms, render: 120ms)
 GET /admin/system-fund 200 in 130ms (compile: 6ms, proxy.ts: 4ms, render: 121ms)
 GET /admin/system-fund 200 in 124ms (compile: 7ms, proxy.ts: 5ms, render: 112ms)
 GET /admin/system-fund 200 in 134ms (compile: 8ms, proxy.ts: 5ms, render: 121ms)
 GET /admin/system-fund 200 in 128ms (compile: 6ms, proxy.ts: 3ms, render: 119ms)
 GET /admin/system-fund 200 in 134ms (compile: 11ms, proxy.ts: 4ms, render: 120ms)
 GET /admin/system-fund 200 in 120ms (compile: 6ms, proxy.ts: 4ms, render: 110ms)
 GET /admin/system-fund 200 in 161ms (compile: 10ms, proxy.ts: 3ms, render: 148ms)
 GET /admin/system-fund 200 in 132ms (compile: 5ms, proxy.ts: 4ms, render: 122ms)
 GET /admin/system-fund 200 in 146ms (compile: 8ms, proxy.ts: 4ms, render: 134ms)
 GET /admin/system-fund 200 in 137ms (compile: 5ms, proxy.ts: 4ms, render: 128ms)
 GET /admin/system-fund 200 in 146ms (compile: 9ms, proxy.ts: 6ms, render: 132ms)
 GET /admin/system-fund 200 in 132ms (compile: 8ms, proxy.ts: 4ms, render: 120ms)
 GET /admin/system-fund 200 in 134ms (compile: 7ms, proxy.ts: 5ms, render: 123ms)
 GET /admin/system-fund 200 in 158ms (compile: 7ms, proxy.ts: 3ms, render: 148ms)
 GET /admin/system-fund 200 in 167ms (compile: 6ms, proxy.ts: 5ms, render: 155ms)
 GET /admin/system-fund 200 in 130ms (compile: 7ms, proxy.ts: 3ms, render: 119ms)
 GET /admin/system-fund 200 in 142ms (compile: 5ms, proxy.ts: 4ms, render: 132ms)
 GET /admin/system-fund 200 in 184ms (compile: 5ms, proxy.ts: 3ms, render: 175ms)
 GET /admin/system-fund 200 in 202ms (compile: 6ms, proxy.ts: 5ms, render: 191ms)
 GET /admin/system-fund 200 in 165ms (compile: 9ms, proxy.ts: 6ms, render: 150ms)
 GET /admin/system-fund 200 in 172ms (compile: 6ms, proxy.ts: 4ms, render: 161ms)
 GET /admin/system-fund 200 in 169ms (compile: 7ms, proxy.ts: 5ms, render: 156ms)
 GET /admin/system-fund 200 in 180ms (compile: 10ms, proxy.ts: 4ms, render: 166ms)
 GET /admin/system-fund 200 in 163ms (compile: 10ms, proxy.ts: 5ms, render: 149ms)
 GET /admin/system-fund 200 in 159ms (compile: 9ms, proxy.ts: 6ms, render: 145ms)
 GET /admin/system-fund 200 in 192ms (compile: 8ms, proxy.ts: 5ms, render: 179ms)
 GET /admin/system-fund 200 in 173ms (compile: 7ms, proxy.ts: 6ms, render: 160ms)
 GET /admin/system-fund 200 in 179ms (compile: 11ms, proxy.ts: 4ms, render: 164ms)
 GET /admin/system-fund 200 in 182ms (compile: 8ms, proxy.ts: 5ms, render: 169ms)
 GET /admin/system-fund 200 in 164ms (compile: 11ms, proxy.ts: 7ms, render: 146ms)
 GET /admin/system-fund 200 in 158ms (compile: 10ms, proxy.ts: 6ms, render: 141ms)
 GET /admin/system-fund 200 in 145ms (compile: 8ms, proxy.ts: 4ms, render: 132ms)
 GET /admin/system-fund 200 in 158ms (compile: 8ms, proxy.ts: 5ms, render: 145ms)
 GET /admin/system-fund 200 in 110ms (compile: 9ms, proxy.ts: 5ms, render: 96ms)
 GET /admin/system-fund 200 in 65ms (compile: 10ms, proxy.ts: 4ms, render: 51ms)
✓ Compiled in 322ms
✓ Compiled in 68ms
 GET /login 200 in 436ms (compile: 67ms, proxy.ts: 31ms, render: 338ms)
 GET /dashboard 200 in 225ms (compile: 155ms, proxy.ts: 9ms, render: 61ms)
 GET /wallet 200 in 106ms (compile: 66ms, proxy.ts: 7ms, render: 33ms)
 GET /dashboard 200 in 34ms (compile: 4ms, proxy.ts: 9ms, render: 21ms)
 GET /wallet 200 in 43ms (compile: 5ms, proxy.ts: 14ms, render: 25ms)
 GET /notifications 200 in 104ms (compile: 64ms, proxy.ts: 2ms, render: 38ms)
 GET /team-leader/approvals 200 in 1321ms (compile: 1163ms, proxy.ts: 3ms, render: 155ms)
 GET /team-leader/approvals 200 in 474ms (compile: 80ms, proxy.ts: 60ms, render: 334ms)
 GET /team-leader/projects 200 in 1161ms (compile: 1103ms, proxy.ts: 4ms, render: 54ms)
 GET /team-leader/team 200 in 646ms (compile: 574ms, proxy.ts: 7ms, render: 66ms)
 GET /requests 200 in 680ms (compile: 645ms, proxy.ts: 5ms, render: 30ms)
 GET /payroll 200 in 89ms (compile: 59ms, proxy.ts: 3ms, render: 27ms)
 GET /requests 200 in 27ms (compile: 5ms, proxy.ts: 3ms, render: 19ms)
 GET /team-leader/approvals 200 in 68ms (compile: 9ms, proxy.ts: 7ms, render: 52ms)
✓ Compiled in 402ms
✓ Compiled in 221ms
✓ Compiled in 206ms
✓ Compiled in 353ms
 GET /dashboard 200 in 1073ms (compile: 781ms, proxy.ts: 39ms, render: 254ms)
 GET /team-leader/team 200 in 267ms (compile: 139ms, proxy.ts: 4ms, render: 124ms)
 GET /team-leader/projects 200 in 259ms (compile: 160ms, proxy.ts: 4ms, render: 95ms)
 GET /team-leader/approvals 200 in 291ms (compile: 169ms, proxy.ts: 5ms, render: 117ms)
 GET /login 200 in 347ms (compile: 20ms, proxy.ts: 9ms, render: 318ms)
 GET /dashboard 200 in 729ms (compile: 325ms, proxy.ts: 59ms, render: 344ms)
 GET /team-leader/approvals 200 in 259ms (compile: 46ms, proxy.ts: 12ms, render: 201ms)
 GET /team-leader/projects 200 in 72ms (compile: 10ms, proxy.ts: 9ms, render: 53ms)
 GET /team-leader/team 200 in 304ms (compile: 180ms, proxy.ts: 3ms, render: 121ms)
✓ Compiled in 1949ms
 GET /team-leader/team 200 in 3.7s (compile: 598ms, proxy.ts: 31ms, render: 3.0s)
✓ Compiled in 173ms
 GET /team-leader/team 200 in 407ms (compile: 20ms, proxy.ts: 18ms, render: 369ms)
 GET /team-leader/projects 200 in 558ms (compile: 453ms, proxy.ts: 8ms, render: 97ms)
 GET /team-leader/approvals 200 in 359ms (compile: 205ms, proxy.ts: 12ms, render: 142ms)
 GET /team-leader/projects 200 in 57ms (compile: 5ms, proxy.ts: 5ms, render: 46ms)
 GET /team-leader/approvals 200 in 62ms (compile: 6ms, proxy.ts: 4ms, render: 52ms)
 GET /requests 200 in 319ms (compile: 226ms, proxy.ts: 3ms, render: 91ms)
 GET /payroll 200 in 356ms (compile: 224ms, proxy.ts: 3ms, render: 128ms)
 GET /requests 200 in 56ms (compile: 5ms, proxy.ts: 6ms, render: 45ms)
✓ Compiled in 403ms
✓ Compiled in 627ms
✓ Compiled in 105ms
 GET /requests 200 in 146ms (compile: 23ms, proxy.ts: 8ms, render: 114ms)
 GET /dashboard 200 in 371ms (compile: 265ms, proxy.ts: 4ms, render: 103ms)
 GET /login 200 in 292ms (compile: 41ms, proxy.ts: 3ms, render: 247ms)
 GET /login 200 in 443ms (compile: 63ms, proxy.ts: 220ms, render: 161ms)
 GET /login 200 in 295ms (compile: 16ms, proxy.ts: 10ms, render: 269ms)
 GET /dashboard 200 in 51ms (compile: 5ms, proxy.ts: 4ms, render: 42ms)
 GET /wallet 200 in 500ms (compile: 404ms, proxy.ts: 7ms, render: 88ms)
 GET /profile 200 in 1199ms (compile: 832ms, proxy.ts: 254ms, render: 112ms)
 GET /notifications 200 in 556ms (compile: 455ms, proxy.ts: 5ms, render: 95ms)
 GET /profile 200 in 22ms (compile: 3ms, proxy.ts: 3ms, render: 16ms)
 GET /notifications 200 in 24ms (compile: 5ms, proxy.ts: 4ms, render: 14ms)
 GET /admin/departments 200 in 543ms (compile: 449ms, proxy.ts: 4ms, render: 89ms)
 GET /login 200 in 211ms (compile: 14ms, proxy.ts: 9ms, render: 189ms)
 GET /dashboard 200 in 301ms (compile: 7ms, proxy.ts: 5ms, render: 289ms)
 GET /cfo/approvals 200 in 302ms (compile: 186ms, proxy.ts: 3ms, render: 114ms)
 GET /cfo/system-fund 200 in 328ms (compile: 225ms, proxy.ts: 4ms, render: 98ms)
 GET /login 200 in 142ms (compile: 4ms, proxy.ts: 4ms, render: 133ms)
 GET /dashboard 200 in 43ms (compile: 6ms, proxy.ts: 5ms, render: 33ms)
 GET /wallet 200 in 27ms (compile: 6ms, proxy.ts: 4ms, render: 18ms)
 GET /accountant/disbursements 200 in 452ms (compile: 366ms, proxy.ts: 4ms, render: 83ms)
 GET /accountant/payroll 200 in 552ms (compile: 466ms, proxy.ts: 4ms, render: 82ms)
 GET /accountant/ledger 200 in 419ms (compile: 336ms, proxy.ts: 3ms, render: 80ms)
 GET /accountant/withdrawals 200 in 278ms (compile: 209ms, proxy.ts: 4ms, render: 65ms)
 GET /accountant/system-fund 200 in 3.3s (compile: 3.1s, proxy.ts: 3ms, render: 176ms)
 GET /accountant/system-fund 200 in 106ms (compile: 23ms, proxy.ts: 12ms, render: 71ms)
 GET /payroll 200 in 30ms (compile: 6ms, proxy.ts: 3ms, render: 21ms)
 GET /accountant/disbursements 200 in 61ms (compile: 6ms, proxy.ts: 5ms, render: 50ms)
 GET /login 200 in 437ms (compile: 14ms, proxy.ts: 2ms, render: 420ms)
 GET /dashboard 200 in 90ms (compile: 7ms, proxy.ts: 5ms, render: 77ms)
 GET /team-leader/approvals 200 in 322ms (compile: 17ms, proxy.ts: 10ms, render: 295ms)
 GET /team-leader/projects 200 in 290ms (compile: 165ms, proxy.ts: 7ms, render: 117ms)
 GET /team-leader/team 200 in 31ms (compile: 7ms, proxy.ts: 3ms, render: 21ms)
 GET /requests 200 in 36ms (compile: 8ms, proxy.ts: 4ms, render: 25ms)
 GET /payroll 200 in 245ms (compile: 93ms, proxy.ts: 4ms, render: 148ms)
 GET /requests 200 in 24ms (compile: 3ms, proxy.ts: 3ms, render: 19ms)
 GET /team-leader/team 200 in 37ms (compile: 5ms, proxy.ts: 4ms, render: 28ms)
 GET /team-leader/projects 200 in 115ms (compile: 8ms, proxy.ts: 4ms, render: 103ms)
 GET /team-leader/approvals 200 in 46ms (compile: 5ms, proxy.ts: 4ms, render: 38ms)
 GET /notifications 200 in 28ms (compile: 4ms, proxy.ts: 3ms, render: 21ms)
 GET /profile 200 in 34ms (compile: 7ms, proxy.ts: 4ms, render: 23ms)
 GET /wallet 200 in 37ms (compile: 17ms, proxy.ts: 3ms, render: 17ms)
 GET /dashboard 200 in 37ms (compile: 11ms, proxy.ts: 4ms, render: 23ms)
✓ Compiled in 188ms
✓ Compiled in 555ms
✓ Compiled in 408ms
✓ Compiled in 541ms
✓ Compiled in 266ms
✓ Compiled in 296ms
✓ Compiled in 408ms
✓ Compiled in 309ms
✓ Compiled in 202ms
✓ Compiled in 319ms
✓ Compiled in 320ms
✓ Compiled in 398ms
✓ Compiled in 312ms
✓ Compiled in 491ms
 GET /login?callbackUrl=%2Fdashboard 200 in 511ms (compile: 53ms, proxy.ts: 6ms, render: 452ms)
 GET /login?callbackUrl=%2Frequests 200 in 412ms (compile: 8ms, proxy.ts: 4ms, render: 401ms)
 GET /login?callbackUrl=%2Fteam-leader%2Fteam 200 in 198ms (compile: 8ms, proxy.ts: 3ms, render: 188ms)
 GET /login?callbackUrl=%2Fteam-leader%2Fprojects 200 in 180ms (compile: 3ms, proxy.ts: 3ms, render: 174ms)
 GET /login?callbackUrl=%2Fteam-leader%2Fapprovals 200 in 124ms (compile: 5ms, proxy.ts: 4ms, render: 116ms)
 GET /login?callbackUrl=%2Fdashboard 200 in 190ms (compile: 9ms, proxy.ts: 7ms, render: 173ms)
 GET /wallet 200 in 98ms (compile: 8ms, proxy.ts: 4ms, render: 85ms)
 GET /team-leader/approvals 200 in 422ms (compile: 291ms, proxy.ts: 18ms, render: 113ms)
 GET /team-leader/projects 200 in 300ms (compile: 215ms, proxy.ts: 6ms, render: 78ms)
 GET /team-leader/team 200 in 222ms (compile: 136ms, proxy.ts: 2ms, render: 84ms)
 GET /team-leader/projects 200 in 47ms (compile: 5ms, proxy.ts: 3ms, render: 38ms)
 GET /team-leader/approvals 200 in 36ms (compile: 11ms, proxy.ts: 5ms, render: 20ms)
 GET /requests 200 in 291ms (compile: 201ms, proxy.ts: 4ms, render: 87ms)
 GET /payroll 200 in 43ms (compile: 16ms, proxy.ts: 3ms, render: 24ms)
 GET /team-leader/approvals 200 in 39ms (compile: 15ms, proxy.ts: 3ms, render: 21ms)
 GET /team-leader/approvals/7 200 in 5.6s (compile: 3.9s, proxy.ts: 3ms, render: 1704ms)
 GET /team-leader/approvals/7 200 in 2.4s (compile: 643ms, proxy.ts: 75ms, render: 1670ms)
 GET /team-leader/approvals/7 200 in 1277ms (compile: 304ms, proxy.ts: 103ms, render: 869ms)
 GET /team-leader/approvals 200 in 186ms (compile: 40ms, proxy.ts: 17ms, render: 130ms)
 GET /login 200 in 205ms (compile: 8ms, proxy.ts: 7ms, render: 190ms)
✓ Compiled in 774ms
✓ Compiled in 607ms
✓ Compiled in 358ms
✓ Compiled in 354ms
 GET /login?callbackUrl=%2Fteam-leader%2Fapprovals 200 in 1244ms (compile: 92ms, proxy.ts: 43ms, render: 1109ms)
 GET /login?callbackUrl=%2Fteam-leader%2Fapprovals%2F7 200 in 650ms (compile: 9ms, proxy.ts: 6ms, render: 635ms)
 GET /dashboard 200 in 1264ms (compile: 953ms, proxy.ts: 49ms, render: 262ms)
 GET /profile 200 in 201ms (compile: 60ms, proxy.ts: 16ms, render: 125ms)
 GET /notifications 200 in 186ms (compile: 64ms, proxy.ts: 6ms, render: 117ms)
○ Compiling /requests/[id] ...
 GET /requests/27 200 in 5.1s (compile: 5.0s, proxy.ts: 15ms, render: 44ms)
 GET /requests 200 in 74ms (compile: 26ms, proxy.ts: 4ms, render: 45ms)
 GET /notifications 200 in 34ms (compile: 6ms, proxy.ts: 10ms, render: 18ms)
 GET /team-leader/approvals 200 in 293ms (compile: 199ms, proxy.ts: 4ms, render: 90ms)
 GET /team-leader/approvals/10 200 in 566ms (compile: 486ms, proxy.ts: 6ms, render: 74ms)
 GET /team-leader/approvals 200 in 342ms (compile: 28ms, proxy.ts: 10ms, render: 303ms)
 GET /team-leader/projects 200 in 103ms (compile: 21ms, proxy.ts: 15ms, render: 67ms)
 GET /team-leader/team 200 in 296ms (compile: 185ms, proxy.ts: 4ms, render: 108ms)
 GET /requests 200 in 32ms (compile: 5ms, proxy.ts: 6ms, render: 21ms)
 GET /payroll 200 in 72ms (compile: 29ms, proxy.ts: 4ms, render: 39ms)
 GET /requests 200 in 29ms (compile: 5ms, proxy.ts: 4ms, render: 20ms)
 GET /notifications 200 in 60ms (compile: 32ms, proxy.ts: 5ms, render: 23ms)
 GET /login 200 in 718ms (compile: 10ms, proxy.ts: 6ms, render: 703ms)
 GET /dashboard 200 in 111ms (compile: 12ms, proxy.ts: 23ms, render: 76ms)
 GET /wallet 200 in 73ms (compile: 35ms, proxy.ts: 5ms, render: 33ms)
 GET /profile 200 in 279ms (compile: 177ms, proxy.ts: 2ms, render: 100ms)
 GET /notifications 200 in 28ms (compile: 4ms, proxy.ts: 4ms, render: 20ms)
○ Compiling /manager/approvals ...
 GET /manager/approvals 200 in 3.5s (compile: 3.5s, proxy.ts: 3ms, render: 81ms)
 GET /manager/projects 200 in 1883ms (compile: 1811ms, proxy.ts: 11ms, render: 61ms)
 GET /manager/department 200 in 1971ms (compile: 1858ms, proxy.ts: 12ms, render: 100ms)
 GET /requests 200 in 37ms (compile: 6ms, proxy.ts: 5ms, render: 26ms)
 GET /payroll 200 in 67ms (compile: 9ms, proxy.ts: 4ms, render: 53ms)
 GET /requests 200 in 41ms (compile: 6ms, proxy.ts: 5ms, render: 29ms)
 GET /payroll 200 in 31ms (compile: 4ms, proxy.ts: 12ms, render: 15ms)
 GET /manager/department 200 in 62ms (compile: 10ms, proxy.ts: 4ms, render: 49ms)
 GET /manager/projects 200 in 31ms (compile: 5ms, proxy.ts: 3ms, render: 23ms)
 GET /manager/approvals 200 in 39ms (compile: 15ms, proxy.ts: 3ms, render: 20ms)
 GET /manager/projects 200 in 264ms (compile: 100ms, proxy.ts: 5ms, render: 159ms)
 GET /manager/department 200 in 33ms (compile: 4ms, proxy.ts: 4ms, render: 25ms)
 GET /notifications 200 in 25ms (compile: 4ms, proxy.ts: 3ms, render: 18ms)
 GET /profile 200 in 41ms (compile: 6ms, proxy.ts: 3ms, render: 32ms)
 GET /wallet 200 in 37ms (compile: 16ms, proxy.ts: 3ms, render: 18ms)
 GET /dashboard 200 in 31ms (compile: 5ms, proxy.ts: 3ms, render: 23ms)
 GET /manager/approvals 200 in 27ms (compile: 5ms, proxy.ts: 3ms, render: 19ms)
 GET /manager/projects 200 in 206ms (compile: 5ms, proxy.ts: 4ms, render: 197ms)
 GET /manager/department 200 in 28ms (compile: 6ms, proxy.ts: 3ms, render: 19ms)
 GET /manager/projects 200 in 23ms (compile: 4ms, proxy.ts: 3ms, render: 16ms)
 GET /manager/approvals 200 in 26ms (compile: 4ms, proxy.ts: 3ms, render: 19ms)
 GET /manager/projects 200 in 128ms (compile: 25ms, proxy.ts: 3ms, render: 100ms)
 GET /login 200 in 363ms (compile: 8ms, proxy.ts: 8ms, render: 346ms)
 GET /dashboard 200 in 130ms (compile: 13ms, proxy.ts: 10ms, render: 108ms)
 GET /notifications 200 in 32ms (compile: 6ms, proxy.ts: 4ms, render: 22ms)
 GET /requests/27 200 in 304ms (compile: 114ms, proxy.ts: 30ms, render: 160ms)
✓ Compiled in 263ms
✓ Compiled in 778ms
✓ Compiled in 264ms
 GET /login?callbackUrl=%2Fdashboard 200 in 1498ms (compile: 124ms, proxy.ts: 302ms, render: 1071ms)
 GET /login?callbackUrl=%2Fmanager%2Fapprovals 200 in 240ms (compile: 8ms, proxy.ts: 7ms, render: 225ms)
 GET /login?callbackUrl=%2Fmanager%2Fprojects 200 in 655ms (compile: 9ms, proxy.ts: 5ms, render: 641ms)
 GET /login?callbackUrl=%2Fmanager%2Fdepartment 200 in 176ms (compile: 5ms, proxy.ts: 13ms, render: 158ms)
✓ Compiled in 168ms
 GET /requests/27 200 in 843ms (compile: 541ms, proxy.ts: 6ms, render: 296ms)
 GET /team-leader/team 200 in 176ms (compile: 75ms, proxy.ts: 5ms, render: 95ms)
 GET /team-leader/projects 200 in 12.5s (compile: 12.2s, proxy.ts: 6ms, render: 359ms)
 GET /notifications 200 in 142ms (compile: 17ms, proxy.ts: 11ms, render: 115ms)
 GET /requests/27 200 in 77ms (compile: 27ms, proxy.ts: 9ms, render: 41ms)
 GET /requests 200 in 388ms (compile: 259ms, proxy.ts: 3ms, render: 126ms)
 GET /requests/20 200 in 65ms (compile: 22ms, proxy.ts: 8ms, render: 35ms)
 GET /notifications 200 in 32ms (compile: 5ms, proxy.ts: 7ms, render: 20ms)
 GET /requests/27 200 in 47ms (compile: 17ms, proxy.ts: 3ms, render: 27ms)
 GET /notifications 200 in 40ms (compile: 17ms, proxy.ts: 3ms, render: 20ms)
 GET /requests/26 200 in 50ms (compile: 15ms, proxy.ts: 3ms, render: 32ms)
 GET /notifications 200 in 29ms (compile: 6ms, proxy.ts: 4ms, render: 19ms)
 GET /team-leader/approvals 200 in 129ms (compile: 34ms, proxy.ts: 4ms, render: 90ms)
 GET /team-leader/projects 200 in 32ms (compile: 5ms, proxy.ts: 4ms, render: 23ms)
 GET /requests 200 in 200ms (compile: 109ms, proxy.ts: 4ms, render: 87ms)
 GET /requests/20 200 in 62ms (compile: 19ms, proxy.ts: 5ms, render: 38ms)
 GET /requests 200 in 34ms (compile: 5ms, proxy.ts: 4ms, render: 25ms)
 GET /requests 200 in 1973ms (compile: 24ms, proxy.ts: 4ms, render: 1945ms)
 GET /requests/21 200 in 52ms (compile: 18ms, proxy.ts: 9ms, render: 26ms)
 GET /requests 200 in 37ms (compile: 5ms, proxy.ts: 3ms, render: 29ms)
 GET /requests/13 200 in 31ms (compile: 10ms, proxy.ts: 2ms, render: 18ms)
 GET /requests 200 in 34ms (compile: 3ms, proxy.ts: 3ms, render: 28ms)
 GET /requests/14 200 in 343ms (compile: 246ms, proxy.ts: 3ms, render: 94ms)
 GET /payroll 200 in 161ms (compile: 88ms, proxy.ts: 3ms, render: 70ms)
 GET /notifications 200 in 37ms (compile: 14ms, proxy.ts: 4ms, render: 19ms)
 GET /requests/25 200 in 58ms (compile: 15ms, proxy.ts: 3ms, render: 40ms)
 GET /requests 200 in 35ms (compile: 5ms, proxy.ts: 4ms, render: 27ms)
 GET /notifications 200 in 52ms (compile: 8ms, proxy.ts: 4ms, render: 40ms)
 GET /team-leader/approvals 200 in 38ms (compile: 18ms, proxy.ts: 3ms, render: 18ms)
 GET /team-leader/approvals/9 200 in 475ms (compile: 390ms, proxy.ts: 3ms, render: 81ms)
 GET /team-leader/projects 200 in 32ms (compile: 6ms, proxy.ts: 3ms, render: 23ms)
○ Compiling /team-leader/projects/[id] ...
 GET /team-leader/projects/6 200 in 6.8s (compile: 6.6s, proxy.ts: 2ms, render: 257ms)
 GET /notifications 200 in 76ms (compile: 7ms, proxy.ts: 7ms, render: 62ms)
 GET /requests/27 200 in 60ms (compile: 16ms, proxy.ts: 14ms, render: 29ms)
 GET /dashboard 200 in 551ms (compile: 226ms, proxy.ts: 4ms, render: 322ms)
 GET /wallet 200 in 54ms (compile: 25ms, proxy.ts: 3ms, render: 26ms)
 GET /profile 200 in 80ms (compile: 30ms, proxy.ts: 3ms, render: 47ms)
 GET /notifications 200 in 29ms (compile: 8ms, proxy.ts: 3ms, render: 18ms)
✓ Compiled in 465ms
✓ Compiled in 335ms
✓ Compiled in 256ms
✓ Compiled in 194ms
 GET /requests/27 200 in 247ms (compile: 140ms, proxy.ts: 7ms, render: 101ms)
 GET /requests 200 in 106ms (compile: 13ms, proxy.ts: 5ms, render: 88ms)
 GET /requests/20 200 in 60ms (compile: 18ms, proxy.ts: 8ms, render: 34ms)
 GET /notifications 200 in 371ms (compile: 235ms, proxy.ts: 14ms, render: 121ms)
 GET /notifications 200 in 979ms (compile: 4ms, proxy.ts: 22ms, render: 954ms)
 GET /requests/27 200 in 42ms (compile: 13ms, proxy.ts: 4ms, render: 25ms)
 GET /profile 200 in 33ms (compile: 5ms, proxy.ts: 4ms, render: 24ms)
 GET /notifications 200 in 23ms (compile: 3ms, proxy.ts: 3ms, render: 16ms)
 GET /requests/27 200 in 42ms (compile: 10ms, proxy.ts: 2ms, render: 29ms)
 GET /notifications 200 in 25ms (compile: 4ms, proxy.ts: 4ms, render: 17ms)
✓ Compiled in 376ms
✓ Compiled in 272ms
 GET /notifications 200 in 346ms (compile: 205ms, proxy.ts: 15ms, render: 127ms)
 GET /login 200 in 624ms (compile: 15ms, proxy.ts: 5ms, render: 604ms)
✓ Compiled in 1328ms
✓ Compiled in 585ms
✓ Compiled in 516ms
 GET /dashboard 200 in 1326ms (compile: 880ms, proxy.ts: 43ms, render: 403ms)
 GET /notifications 200 in 286ms (compile: 191ms, proxy.ts: 5ms, render: 91ms)
 GET /requests/27 200 in 255ms (compile: 151ms, proxy.ts: 3ms, render: 101ms)
 GET /notifications 200 in 187ms (compile: 7ms, proxy.ts: 4ms, render: 176ms)
 GET /team-leader/team 200 in 258ms (compile: 136ms, proxy.ts: 5ms, render: 117ms)
 GET /team-leader/projects 200 in 441ms (compile: 317ms, proxy.ts: 3ms, render: 121ms)
 GET /notifications 200 in 34ms (compile: 5ms, proxy.ts: 7ms, render: 22ms)
 GET /notifications 200 in 556ms (compile: 5ms, proxy.ts: 4ms, render: 546ms)
 GET /requests/27 200 in 120ms (compile: 50ms, proxy.ts: 5ms, render: 66ms)
✓ Compiled in 325ms
✓ Compiled in 157ms
 HEAD /login?callbackUrl=%2Fteam-leader%2Fprojects%2F6 200 in 622ms (compile: 55ms, proxy.ts: 8ms, render: 559ms)
 GET /requests 200 in 700ms (compile: 591ms, proxy.ts: 4ms, render: 105ms)
 GET /notifications 200 in 273ms (compile: 151ms, proxy.ts: 6ms, render: 116ms)
 GET /team-leader/approvals/26 200 in 489ms (compile: 211ms, proxy.ts: 4ms, render: 274ms)
 GET /notifications 200 in 26ms (compile: 4ms, proxy.ts: 4ms, render: 18ms)
 GET /team-leader/approvals/27 200 in 270ms (compile: 166ms, proxy.ts: 4ms, render: 100ms)
✓ Compiled in 418ms
✓ Compiled in 217ms
 HEAD /login?callbackUrl=%2Fteam-leader%2Fprojects%2F6 200 in 154ms (compile: 6ms, proxy.ts: 4ms, render: 144ms)
 GET /wallet 200 in 910ms (compile: 757ms, proxy.ts: 19ms, render: 134ms)
 GET /dashboard 200 in 351ms (compile: 216ms, proxy.ts: 7ms, render: 127ms)
 GET /login 200 in 860ms (compile: 23ms, proxy.ts: 5ms, render: 832ms)
 GET /login 200 in 210ms (compile: 7ms, proxy.ts: 5ms, render: 197ms)
 GET /dashboard 200 in 385ms (compile: 24ms, proxy.ts: 7ms, render: 354ms)
 GET /login 200 in 340ms (compile: 18ms, proxy.ts: 5ms, render: 317ms)
 GET /dashboard 200 in 126ms (compile: 8ms, proxy.ts: 5ms, render: 113ms)
 GET /wallet 200 in 282ms (compile: 184ms, proxy.ts: 16ms, render: 82ms)
 GET /profile 200 in 430ms (compile: 311ms, proxy.ts: 6ms, render: 112ms)
 GET /notifications 200 in 506ms (compile: 409ms, proxy.ts: 4ms, render: 93ms)
✓ Compiled in 239ms
 GET /manager/approvals 200 in 423ms (compile: 298ms, proxy.ts: 4ms, render: 122ms)
 GET /manager/projects 200 in 637ms (compile: 314ms, proxy.ts: 4ms, render: 319ms)
○ Compiling /manager/projects/[id] ...
 GET /manager/projects/8 200 in 7.0s (compile: 6.3s, proxy.ts: 3ms, render: 643ms)
 GET /manager/department 200 in 776ms (compile: 644ms, proxy.ts: 6ms, render: 126ms)
 GET /requests 200 in 295ms (compile: 177ms, proxy.ts: 7ms, render: 111ms)
 GET /requests/15 200 in 359ms (compile: 280ms, proxy.ts: 5ms, render: 75ms)
 GET /requests 200 in 29ms (compile: 6ms, proxy.ts: 2ms, render: 21ms)
 GET /payroll 200 in 349ms (compile: 246ms, proxy.ts: 3ms, render: 100ms)
 GET /login 200 in 273ms (compile: 11ms, proxy.ts: 7ms, render: 254ms)
 GET /dashboard 200 in 93ms (compile: 6ms, proxy.ts: 4ms, render: 84ms)
 GET /notifications 200 in 262ms (compile: 172ms, proxy.ts: 3ms, render: 88ms)
 GET /team-leader/approvals/27 200 in 270ms (compile: 138ms, proxy.ts: 2ms, render: 129ms)
 GET /team-leader/projects 200 in 342ms (compile: 243ms, proxy.ts: 3ms, render: 95ms)
 GET /team-leader/team 200 in 372ms (compile: 255ms, proxy.ts: 4ms, render: 113ms)
 GET /requests 200 in 54ms (compile: 8ms, proxy.ts: 4ms, render: 41ms)
 GET /payroll 200 in 44ms (compile: 5ms, proxy.ts: 4ms, render: 36ms)
 GET /login 200 in 219ms (compile: 16ms, proxy.ts: 7ms, render: 196ms)
 GET /dashboard 200 in 80ms (compile: 6ms, proxy.ts: 13ms, render: 62ms)
 GET /team-leader/team 200 in 62ms (compile: 7ms, proxy.ts: 8ms, render: 47ms)
 GET /team-leader/projects 200 in 32ms (compile: 7ms, proxy.ts: 3ms, render: 22ms)
 GET /team-leader/approvals 200 in 566ms (compile: 486ms, proxy.ts: 4ms, render: 76ms)
 GET /requests 200 in 35ms (compile: 5ms, proxy.ts: 4ms, render: 26ms)
 GET /payroll 200 in 41ms (compile: 14ms, proxy.ts: 4ms, render: 23ms)
 GET /payroll?year=2026 200 in 33ms (compile: 8ms, proxy.ts: 4ms, render: 21ms)
 GET /notifications 200 in 71ms (compile: 8ms, proxy.ts: 5ms, render: 59ms)
 GET /profile 200 in 31ms (compile: 8ms, proxy.ts: 3ms, render: 20ms)
 GET /team-leader/approvals 200 in 23ms (compile: 4ms, proxy.ts: 3ms, render: 16ms)
 GET /notifications 200 in 33ms (compile: 5ms, proxy.ts: 4ms, render: 24ms)
 GET /requests 200 in 22ms (compile: 3ms, proxy.ts: 3ms, render: 15ms)
 GET /payroll 200 in 246ms (compile: 115ms, proxy.ts: 4ms, render: 127ms)
 GET /team-leader/team 200 in 30ms (compile: 4ms, proxy.ts: 3ms, render: 24ms)
 GET /team-leader/projects 200 in 36ms (compile: 5ms, proxy.ts: 4ms, render: 28ms)
 GET /team-leader/approvals 200 in 31ms (compile: 4ms, proxy.ts: 3ms, render: 24ms)
 GET /notifications 200 in 40ms (compile: 8ms, proxy.ts: 3ms, render: 30ms)
 GET /profile 200 in 30ms (compile: 5ms, proxy.ts: 4ms, render: 21ms)
 GET /wallet 200 in 50ms (compile: 7ms, proxy.ts: 10ms, render: 33ms)
 GET /dashboard 200 in 32ms (compile: 5ms, proxy.ts: 9ms, render: 18ms)
 GET /wallet 200 in 42ms (compile: 9ms, proxy.ts: 3ms, render: 31ms)
 GET /profile 200 in 30ms (compile: 5ms, proxy.ts: 4ms, render: 22ms)
 GET /notifications 200 in 35ms (compile: 5ms, proxy.ts: 4ms, render: 25ms)
 GET /payroll 200 in 190ms (compile: 46ms, proxy.ts: 4ms, render: 140ms)
 GET /requests 200 in 557ms (compile: 101ms, proxy.ts: 64ms, render: 392ms)
 GET /requests/20 200 in 290ms (compile: 106ms, proxy.ts: 18ms, render: 165ms)
✓ Compiled in 513ms
✓ Compiled in 1633ms
✓ Compiled in 100ms
✓ Compiled in 158ms
✓ Compiled in 273ms
✓ Compiled in 107ms
✓ Finished filesystem cache database compaction in 11.8s
 GET /login 200 in 1063ms (compile: 104ms, proxy.ts: 109ms, render: 850ms)
 GET /dashboard 200 in 670ms (compile: 474ms, proxy.ts: 4ms, render: 192ms)
 GET /requests 200 in 144ms (compile: 23ms, proxy.ts: 15ms, render: 106ms)
 GET /manager/approvals 200 in 318ms (compile: 187ms, proxy.ts: 6ms, render: 126ms)
 GET /manager/projects 200 in 376ms (compile: 257ms, proxy.ts: 3ms, render: 115ms)
 GET /manager/department 200 in 189ms (compile: 30ms, proxy.ts: 15ms, render: 144ms)
✓ Compiled in 236ms
 GET /manager/approvals 200 in 55ms (compile: 8ms, proxy.ts: 7ms, render: 40ms)
 GET /profile 200 in 322ms (compile: 83ms, proxy.ts: 94ms, render: 145ms)
✓ Compiled in 219ms
✓ Compiled in 226ms
✓ Compiled in 89ms
 GET /notifications 200 in 110ms (compile: 12ms, proxy.ts: 8ms, render: 90ms)
 GET /profile 200 in 498ms (compile: 177ms, proxy.ts: 9ms, render: 312ms)
 GET /wallet 200 in 187ms (compile: 34ms, proxy.ts: 4ms, render: 150ms)
 GET /dashboard 200 in 41ms (compile: 6ms, proxy.ts: 4ms, render: 32ms)
 GET /manager/department 200 in 418ms (compile: 312ms, proxy.ts: 4ms, render: 102ms)
 GET /dashboard 200 in 29ms (compile: 4ms, proxy.ts: 3ms, render: 22ms)
 GET /manager/approvals 200 in 45ms (compile: 4ms, proxy.ts: 4ms, render: 37ms)
 GET /dashboard 200 in 23ms (compile: 4ms, proxy.ts: 2ms, render: 17ms)
 GET /manager/projects 200 in 469ms (compile: 158ms, proxy.ts: 3ms, render: 308ms)
 GET /manager/projects/8 200 in 368ms (compile: 267ms, proxy.ts: 3ms, render: 98ms)
 GET /manager/department 200 in 56ms (compile: 5ms, proxy.ts: 12ms, render: 39ms)
 GET /manager/department?role=TEAM_LEADER 200 in 217ms (compile: 7ms, proxy.ts: 4ms, render: 207ms)
 GET /manager/department?role=EMPLOYEE 200 in 30ms (compile: 5ms, proxy.ts: 4ms, render: 21ms)
 GET /requests 200 in 165ms (compile: 15ms, proxy.ts: 5ms, render: 145ms)
 GET /requests/15 200 in 233ms (compile: 115ms, proxy.ts: 36ms, render: 82ms)
 GET /payroll 200 in 34ms (compile: 7ms, proxy.ts: 4ms, render: 23ms)
 GET /manager/department 200 in 39ms (compile: 4ms, proxy.ts: 3ms, render: 32ms)
 GET /manager/projects 200 in 37ms (compile: 5ms, proxy.ts: 3ms, render: 28ms)
 GET /manager/approvals 200 in 192ms (compile: 75ms, proxy.ts: 3ms, render: 114ms)
 GET /login 200 in 278ms (compile: 23ms, proxy.ts: 8ms, render: 246ms)
 GET /dashboard 200 in 81ms (compile: 5ms, proxy.ts: 4ms, render: 72ms)
 GET /wallet 200 in 47ms (compile: 6ms, proxy.ts: 3ms, render: 37ms)
 GET /profile 200 in 224ms (compile: 30ms, proxy.ts: 7ms, render: 188ms)
 GET /requests 200 in 73ms (compile: 7ms, proxy.ts: 7ms, render: 60ms)
 GET /payroll 200 in 54ms (compile: 29ms, proxy.ts: 3ms, render: 23ms)
○ Compiling /projects ...
 GET /projects 200 in 5.5s (compile: 5.3s, proxy.ts: 4ms, render: 150ms)
 GET /projects 200 in 95ms (compile: 12ms, proxy.ts: 9ms, render: 75ms)
 GET /payroll 200 in 44ms (compile: 19ms, proxy.ts: 4ms, render: 21ms)
 GET /projects 200 in 26ms (compile: 3ms, proxy.ts: 4ms, render: 20ms)
 GET /notifications 200 in 31ms (compile: 11ms, proxy.ts: 3ms, render: 17ms)
✓ Compiled in 1533ms
✓ Compiled in 915ms
 HEAD /login?callbackUrl=%2Fdashboard 200 in 856ms (compile: 93ms, proxy.ts: 30ms, render: 732ms)
 HEAD /login?callbackUrl=%2Fprojects 200 in 250ms (compile: 10ms, proxy.ts: 5ms, render: 235ms)
 HEAD /login?callbackUrl=%2Fprojects%2F1 200 in 385ms (compile: 28ms, proxy.ts: 14ms, render: 343ms)
 HEAD /login?callbackUrl=%2Frequests%2Fnew 200 in 235ms (compile: 35ms, proxy.ts: 36ms, render: 164ms)
 HEAD /login?callbackUrl=%2Frequests%2F1 200 in 206ms (compile: 14ms, proxy.ts: 12ms, render: 180ms)
 HEAD /login?callbackUrl=%2Fwallet%2Fdeposit 200 in 486ms (compile: 46ms, proxy.ts: 3ms, render: 437ms)
 HEAD /login?callbackUrl=%2Fwallet%2Fdeposit%2Fmy 200 in 118ms (compile: 4ms, proxy.ts: 14ms, render: 100ms)
 HEAD /login?callbackUrl=%2Fwallet%2Ftransactions 200 in 152ms (compile: 11ms, proxy.ts: 2ms, render: 139ms)
 HEAD /login?callbackUrl=%2Fwallet%2Ftransactions%2F1 200 in 159ms (compile: 13ms, proxy.ts: 3ms, render: 143ms)
 HEAD /login?callbackUrl=%2Fwallet%2Fwithdraw 200 in 140ms (compile: 5ms, proxy.ts: 5ms, render: 131ms)
 HEAD /login?callbackUrl=%2Fpayroll%2F1 200 in 418ms (compile: 11ms, proxy.ts: 6ms, render: 401ms)
 HEAD /login?callbackUrl=%2Faccountant%2Fdisbursements%2F1 200 in 106ms (compile: 4ms, proxy.ts: 2ms, render: 100ms)
 HEAD /login?callbackUrl=%2Faccountant%2Fledger%2F1 200 in 194ms (compile: 37ms, proxy.ts: 4ms, render: 153ms)
 HEAD /login?callbackUrl=%2Fadmin%2Fusers%2F1 200 in 163ms (compile: 4ms, proxy.ts: 4ms, render: 155ms)
 HEAD /login?callbackUrl=%2Fcfo%2Fapprovals%2F1 200 in 160ms (compile: 4ms, proxy.ts: 3ms, render: 153ms)
 GET /notifications 200 in 3.1s (compile: 109ms, proxy.ts: 11ms, render: 3.0s)
 GET /projects 200 in 306ms (compile: 168ms, proxy.ts: 4ms, render: 134ms)
 GET /payroll 200 in 55ms (compile: 15ms, proxy.ts: 4ms, render: 37ms)
 GET /projects 200 in 34ms (compile: 5ms, proxy.ts: 4ms, render: 25ms)
 GET /requests 200 in 35ms (compile: 14ms, proxy.ts: 2ms, render: 18ms)
 GET /wallet 200 in 39ms (compile: 16ms, proxy.ts: 2ms, render: 21ms)
 GET /profile 200 in 49ms (compile: 20ms, proxy.ts: 3ms, render: 25ms)
 GET /wallet 200 in 31ms (compile: 3ms, proxy.ts: 2ms, render: 25ms)
 GET /profile 200 in 24ms (compile: 4ms, proxy.ts: 2ms, render: 18ms)
✓ Compiled in 276ms
✓ Compiled in 167ms
 GET /projects 200 in 318ms (compile: 169ms, proxy.ts: 21ms, render: 128ms)
 GET /projects/1 200 in 3.0s (compile: 2.9s, proxy.ts: 7ms, render: 53ms)
✓ Compiled in 163ms
✓ Compiled in 115ms
 GET /login 200 in 501ms (compile: 55ms, proxy.ts: 28ms, render: 418ms)
 GET /login 200 in 832ms (compile: 63ms, proxy.ts: 56ms, render: 713ms)
